1,2,3,4,5,6,7,8,9,10,11,12,13,14,15,16,17,18,19,20,21,22,23,24,25,26,27,28,29,30,31,32,33,34,35,36,37,38,39,40,41,42,43,44,45,46,47,48,49,50
379.88,12.01,797.63,12.01,11.71,216.71,14.36,277.64,165.78,230.01,130.89,427.08,98.42,130.89,7.10,133.24,151.41,5.52,137.85,4.66,144.48,64.71,66.73,31.36,7.01,298.60,0.07,15.44,151.84,22.07,151.84,7.24,253.44,355.48,151.84,57.04,134.28,5.09,372.67,2.45,5.09,29.64,9.79,158.77,179.65,148.45,179.65,303.63,169.68,180.78
184.11,1.22,630.35,1.22,2.07,30.83,7.50,248.54,277.64,207.46,248.54,347.61,130.89,179.65,132.75,254.82,7.35,151.41,328.87,7.35,267.90,4.67,4.66,197.23,13.62,3.61,42.73,205.78,3.61,144.80,44.11,25.00,414.80,13.87,1.32,44.11,372.67,1.32,100.06,0.94,1.32,251.23,8.20,1.22,40.16,445.51,40.16,86.80,18.86,40.60
385.11,6.95,187.67,6.95,10.95,103.79,11.46,361.40,248.54,592.25,361.40,202.55,248.54,40.16,10.21,365.91,5.39,7.35,541.54,5.39,377.98,5.62,5.39,157.73,9.90,16.66,9.10,191.56,16.66,28.00,20.49,12.94,144.62,37.05,9.77,1.83,363.05,9.77,36.49,5.82,9.77,30.62,18.78,6.95,189.74,246.28,189.74,130.89,93.39,192.43
83.24,8.07,81.61,8.07,2.94,10.18,9.34,153.44,361.40,105.18,98.42,148.45,361.40,248.54,13.00,99.68,60.72,5.39,200.31,5.70,119.05,9.86,7.35,99.00,6.97,112.79,61.96,106.28,57.77,25.03,50.59,82.20,48.05,135.07,57.77,7.11,100.06,2.75,77.69,5.24,2.75,24.87,5.28,63.09,243.52,243.60,243.52,248.54,18.92,245.94
114.20,63.73,283.25,63.73,7.26,17.70,6.82,88.76,98.42,153.42,88.76,445.51,88.76,361.40,13.91,31.85,66.73,5.70,289.65,66.73,53.80,8.33,5.70,219.50,9.82,113.99,17.49,262.61,113.99,26.76,3.61,43.57,59.25,133.92,57.04,7.24,36.49,57.04,141.52,1.57,57.04,27.64,0.17,63.73,112.04,38.68,112.04,361.40,182.07,112.76
93.83,49.86,379.88,5.84,5.36,46.97,5.88,87.32,88.76,272.14,87.32,246.28,43.30,98.42,41.12,43.34,53.78,66.73,84.60,53.78,65.65,8.02,9.76,75.68,9.81,88.13,114.72,75.79,88.13,56.83,16.66,15.36,167.00,103.56,44.11,5.82,77.69,44.11,246.29,5.50,0.09,78.91,0.18,49.86,340.32,371.53,340.32,98.42,20.12,342.86
288.56,4.11,184.11,4.11,11.16,66.21,4.95,149.78,87.32,272.57,131.12,243.60,131.12,88.76,16.75,131.97,25.30,53.78,536.25,6.64,152.92,6.98,7.98,344.03,7.49,39.15,14.31,417.34,20.49,34.01,57.77,24.99,121.53,47.72,20.49,12.94,141.52,1.83,222.26,2.74,1.83,38.57,3.51,22.77,404.58,210.06,404.58,88.76,96.58,405.85
527.21,9.58,385.11,9.58,0.39,286.39,12.86,214.79,131.12,427.08,214.79,38.68,214.79,43.30,35.62,218.07,4.70,6.64,232.70,4.70,234.16,6.21,4.61,62.84,7.98,50.59,372.79,56.51,50.59,57.97,113.99,6.24,402.03,117.28,7.11,151.84,246.29,7.11,298.42,0.10,7.11,80.02,13.66,9.58,156.60,343.93,146.13,43.30,33.20,146.55
684.17,7.47,83.24,2.11,10.19,345.82,2.97,213.52,214.79,347.61,213.52,371.53,208.16,131.12,15.36,209.03,11.93,4.70,445.97,11.93,230.21,9.17,4.64,217.64,7.44,12.60,1.88,253.79,12.60,38.03,7.24,1.94,406.06,16.61,7.24,1.32,222.26,7.24,342.59,13.25,1.88,44.89,3.62,7.47,63.98,205.38,63.98,131.12,127.49,66.25
318.46,6.43,114.20,6.43,2.39,137.08,9.12,223.12,213.52,202.55,223.12,210.06,223.12,214.79,80.82,225.80,4.61,11.93,260.29,4.61,243.69,27.79,6.98,126.82,7.29,25.00,204.36,118.29,25.00,101.70,25.00,0.07,378.52,57.48,5.82,9.77,298.42,5.82,49.12,1.04,5.82,160.61,11.19,6.43,303.63,440.79,303.63,214.79,5.47,309.12
208.72,3.28,93.83,3.28,7.95,64.96,4.41,190.14,223.12,148.45,179.65,100.24,179.65,208.16,169.68,180.78,16.45,4.61,278.39,5.96,201.95,4.66,4.62,256.27,7.09,23.43,21.85,264.13,12.94,187.68,12.94,42.73,563.71,29.87,12.94,2.75,342.59,2.45,271.52,8.32,2.45,329.07,4.71,13.77,86.80,167.15,86.80,208.16,72.34,86.96
246.93,8.46,288.56,8.46,14.97,15.23,8.89,40.16,190.14,445.51,40.16,305.45,40.16,223.12,18.86,40.60,7.98,16.45,695.75,7.98,63.36,7.35,5.71,536.24,8.41,82.20,65.06,665.49,82.20,33.09,82.20,9.10,69.51,192.82,0.94,0.94,49.12,0.94,253.87,0.08,0.94,35.42,1.80,8.46,130.89,230.01,130.89,223.12,7.10,133.24
135.06,8.41,527.21,8.41,3.70,22.70,11.10,189.74,40.16,246.28,189.74,127.28,189.74,189.74,93.39,192.43,4.61,7.98,250.84,4.61,210.64,5.39,9.75,144.81,7.29,43.57,124.61,148.70,43.57,108.50,43.57,61.96,289.14,101.08,5.82,5.82,271.52,5.82,283.42,57.86,5.82,173.06,11.20,8.41,248.54,207.46,248.54,185.90,132.75,254.82
212.00,4.83,684.17,4.83,6.25,57.79,7.25,243.52,189.74,243.60,243.52,247.88,243.52,243.52,18.92,245.94,4.64,4.61,290.05,4.64,264.75,5.70,6.80,62.17,7.06,15.36,22.30,62.11,15.36,36.81,15.36,17.49,118.07,34.95,5.24,5.24,253.87,5.24,354.25,6.88,5.24,41.36,10.08,4.83,361.40,592.25,361.40,263.59,10.21,365.91
65.07,4.57,318.46,4.57,7.59,10.93,5.30,112.04,243.52,38.68,112.04,293.38,112.04,112.04,182.07,112.76,6.98,4.64,135.09,6.98,135.35,66.73,7.79,209.55,7.70,24.99,50.74,196.02,24.99,196.27,24.99,57.86,537.99,58.34,1.57,1.57,283.42,1.57,495.76,2.84,1.57,344.99,3.02,4.57,98.42,105.18,98.42,221.60,13.00,99.68
477.49,3.41,208.72,3.41,12.10,110.13,5.95,340.32,112.04,371.53,340.32,205.37,340.32,340.32,20.12,342.86,4.62,6.98,799.57,4.62,362.56,9.76,4.95,395.26,7.16,6.24,27.88,478.68,6.24,41.67,6.24,14.31,177.95,13.49,5.50,5.50,354.25,5.50,627.82,0.06,5.50,47.69,10.57,3.41,88.76,153.42,88.76,86.55,13.91,31.85
379.10,1.48,246.93,1.48,9.97,94.76,2.74,403.79,340.32,210.06,404.58,412.64,404.58,404.58,96.58,405.85,4.92,4.62,541.05,5.71,432.35,6.64,9.81,212.16,6.97,1.15,85.69,230.37,1.94,121.67,1.94,187.82,379.56,3.98,1.94,1.94,495.76,2.74,404.69,0.75,2.74,188.22,5.26,0.69,87.32,272.14,43.30,90.44,41.12,43.34
470.07,0.05,135.06,0.05,11.08,115.75,0.10,584.31,403.79,100.24,584.31,145.31,584.31,584.31,46.80,584.36,9.75,4.92,628.72,9.75,602.74,4.70,7.86,95.23,9.80,0.07,97.43,88.01,0.07,62.03,0.07,1.88,258.02,0.15,0.10,0.10,627.82,0.10,187.24,0.92,0.10,95.48,0.19,0.05,131.12,272.57,131.12,233.31,16.75,131.97
270.69,11.71,212.00,11.71,13.66,63.19,17.82,380.72,584.31,305.45,380.72,427.03,380.72,380.72,36.22,386.84,6.80,9.75,374.61,6.80,392.62,6.57,4.67,46.00,12.92,42.73,142.05,31.12,42.73,49.13,42.73,204.36,171.46,97.51,13.25,13.25,404.69,13.25,260.78,1.57,13.25,72.05,25.49,11.71,214.79,427.08,214.79,16.71,35.62,218.07
151.08,2.07,65.07,2.07,9.35,25.33,2.56,173.84,380.72,127.28,165.78,134.66,165.78,165.78,30.43,166.26,15.85,6.80,297.16,7.79,183.94,4.61,5.62,137.61,8.28,17.16,246.70,153.89,9.10,40.67,9.10,11.38,112.62,21.15,9.10,1.04,187.24,1.04,112.35,11.89,1.04,56.86,2.01,10.13,213.52,347.61,208.16,169.27,15.36,209.03
184.74,10.95,477.49,10.95,9.58,36.30,14.79,236.19,236.19,247.88,236.19,343.93,236.19,236.19,36.24,240.03,4.95,7.79,312.90,4.95,250.92,5.96,9.86,104.04,8.79,61.96,125.55,109.62,61.96,47.64,61.96,65.06,141.29,143.72,8.32,8.32,260.78,8.32,100.08,0.35,8.32,68.75,16.00,10.95,223.12,202.55,223.12,47.46,80.82,225.80
484.80,2.94,379.10,2.94,9.86,273.89,2.98,94.68,94.68,293.38,94.68,205.38,94.68,94.68,18.36,94.71,9.81,4.95,218.51,9.81,113.80,7.98,8.33,125.20,9.84,17.49,60.30,141.59,17.49,36.87,17.49,124.61,341.71,41.06,0.08,0.08,112.35,0.08,376.52,27.69,0.08,49.46,0.15,2.94,208.94,297.87,208.94,275.90,40.44,188.05
130.81,64.12,470.07,64.12,11.75,47.13,7.73,111.33,111.33,205.37,111.33,440.79,111.33,54.48,52.79,54.94,64.71,9.81,189.47,64.71,73.24,4.61,8.02,161.27,8.32,114.72,121.01,181.61,114.72,65.38,114.72,151.84,200.09,135.66,57.86,57.86,100.08,57.86,202.55,7.65,1.01,100.18,1.94,64.12,263.59,473.67,263.59,60.95,285.02,267.12
419.18,5.36,270.69,5.36,4.65,187.85,8.54,295.00,295.00,412.64,295.00,167.15,295.00,295.00,86.52,298.17,4.67,64.71,301.39,4.67,321.75,4.64,6.98,103.19,7.84,14.31,62.88,94.80,14.31,115.16,14.31,3.61,447.95,32.14,6.88,6.88,376.52,6.88,252.79,8.22,6.88,173.59,13.24,5.36,221.60,468.88,221.60,34.95,25.34,225.39
92.05,196.14,151.08,11.16,9.09,40.76,12.48,257.69,257.69,145.31,257.69,297.87,72.71,72.71,138.41,74.02,190.60,4.67,94.27,190.60,102.37,6.98,6.21,162.47,6.94,372.79,62.75,154.25,372.79,162.34,187.82,16.66,443.15,440.43,187.82,187.82,202.55,187.82,363.05,2.98,2.84,263.98,5.47,196.14,86.55,235.90,86.55,54.34,7.65,87.93
505.16,0.39,184.74,0.39,8.58,130.20,0.41,251.29,251.29,427.03,251.29,473.67,251.29,251.29,4.32,251.32,9.86,190.60,835.64,9.86,282.52,4.62,9.17,472.48,9.88,1.88,200.84,585.91,1.88,32.78,1.88,57.77,156.97,4.41,0.06,0.06,252.79,0.06,38.99,3.44,0.06,22.45,0.11,0.39,90.44,185.06,90.44,329.63,44.39,92.03
204.65,10.19,484.80,10.19,3.15,123.40,10.54,20.03,20.03,134.66,20.03,468.88,20.03,20.03,22.33,20.38,8.33,9.86,80.38,8.33,52.04,5.71,4.75,82.06,8.68,204.36,79.12,80.06,204.36,51.71,204.36,113.99,197.98,479.73,0.75,0.75,38.99,0.75,176.30,9.09,0.75,52.25,1.44,10.19,233.31,320.34,233.31,192.69,17.71,237.51
393.70,12.86,130.81,2.39,4.48,138.51,2.81,156.60,156.60,343.93,156.60,235.90,146.13,146.13,33.20,146.55,18.49,8.33,516.91,18.49,178.14,9.75,4.80,332.03,8.44,21.85,5.91,401.87,21.85,63.10,11.38,44.11,243.80,26.54,11.38,11.38,176.30,11.38,134.28,0.40,0.92,72.10,1.76,12.86,16.71,165.25,16.71,192.85,60.87,16.89
195.66,7.95,419.18,7.95,7.57,69.42,10.22,63.98,63.98,205.38,63.98,185.06,63.98,63.98,127.49,66.25,6.98,18.49,276.30,6.98,63.72,6.80,4.93,220.70,9.25,65.06,17.33,255.33,65.06,42.75,65.06,20.49,289.97,153.98,1.57,1.57,105.43,1.57,105.43,5.62,1.57,93.05,6.10,7.95,169.27,236.27,169.27,194.90,26.50,171.87
540.52,14.97,92.05,14.97,2.51,266.40,20.46,303.63,303.63,440.79,303.63,320.34,303.63,303.63,5.47,309.12,6.21,6.98,316.96,6.21,298.68,7.79,5.52,32.68,11.70,124.61,66.66,24.04,124.61,5.76,124.61,50.59,299.59,290.09,11.89,11.89,302.46,11.89,302.46,1.61,11.89,27.72,22.86,14.97,47.46,128.76,47.46,110.37,14.28,48.20
343.17,3.70,505.16,3.70,31.88,182.66,3.86,86.80,86.80,167.15,86.80,165.25,86.80,86.80,72.34,86.96,9.17,6.21,198.72,9.17,87.71,4.95,5.23,174.73,9.33,22.30,16.28,182.79,22.30,71.78,22.30,22.30,401.26,52.28,0.35,0.35,157.33,0.35,157.33,9.92,0.35,146.26,0.66,3.70,275.90,203.78,275.90,209.36,13.64,280.48
377.47,29.29,204.65,29.29,47.89,154.13,8.40,208.94,208.94,297.87,208.94,236.27,208.94,185.90,40.44,188.05,27.79,9.17,379.69,27.79,184.68,9.81,5.17,203.62,6.89,50.74,55.38,234.37,50.74,39.36,50.74,27.69,280.38,64.04,27.69,27.69,221.83,27.69,221.83,0.11,4.65,85.81,8.94,29.29,60.95,211.58,60.95,584.31,16.75,61.00
763.06,7.59,393.70,7.59,30.90,398.89,11.12,283.83,263.59,473.67,263.59,128.76,263.59,263.59,285.02,267.12,25.03,27.79,424.95,4.80,261.23,4.80,9.05,426.63,8.32,48.12,84.49,450.02,27.88,286.30,27.88,27.88,1253.64,63.85,27.88,7.65,544.60,7.65,544.60,0.95,7.65,569.74,14.71,27.83,134.89,258.88,34.95,380.72,68.75,35.39
296.82,12.10,195.66,12.10,2.30,121.26,15.89,221.60,221.60,468.88,221.60,203.78,221.60,221.60,25.34,225.39,4.93,4.80,267.57,4.93,219.22,4.93,4.61,69.99,8.72,85.69,53.61,72.36,85.69,24.01,85.69,85.69,203.95,199.48,8.22,8.22,239.75,8.22,239.75,1.46,8.22,57.35,15.82,12.10,54.34,123.24,54.34,165.78,157.16,55.01
365.90,9.97,540.52,9.97,7.10,205.22,11.35,86.55,86.55,235.90,86.55,211.58,86.55,86.55,7.65,87.93,5.52,4.93,168.11,5.52,87.29,5.52,6.93,85.57,6.90,97.43,5.02,89.39,97.43,8.57,97.43,97.43,243.18,228.16,2.98,2.98,91.41,2.98,91.41,5.00,2.98,30.31,5.73,9.97,329.63,323.36,329.63,236.19,8.09,331.93
126.09,11.08,343.17,11.08,20.00,24.99,12.67,90.44,90.44,185.06,90.44,258.88,90.44,90.44,44.39,92.03,5.23,5.23,262.07,5.23,91.28,5.23,5.45,183.63,6.81,142.05,46.34,209.25,142.05,38.47,142.05,142.05,150.94,332.84,3.44,3.44,124.63,3.44,124.63,3.71,3.44,81.57,6.61,11.08,192.69,421.80,192.69,94.68,64.32,227.19
158.17,13.66,377.47,13.66,2.47,21.95,17.86,352.12,352.12,320.34,233.31,123.24,233.31,233.31,17.71,237.51,123.98,123.98,302.76,5.17,231.90,5.17,9.73,76.18,9.37,246.70,34.28,82.94,127.90,12.08,127.90,127.90,74.28,298.40,127.90,127.90,237.71,9.09,237.71,5.54,9.09,34.62,17.49,132.46,192.85,170.55,192.85,54.48,114.82,195.40
169.32,9.35,763.06,9.35,4.95,72.61,9.53,16.71,16.71,165.25,16.71,323.36,16.71,16.71,60.87,16.89,9.05,9.05,205.98,9.05,19.80,9.05,7.96,216.73,9.23,125.55,8.79,245.26,125.55,59.08,125.55,125.55,251.60,294.74,0.40,0.40,72.29,0.40,72.29,2.07,0.40,118.12,0.77,9.35,194.90,306.10,194.90,295.00,22.85,195.86
356.99,9.58,296.82,9.58,6.26,181.33,12.17,169.27,169.27,236.27,169.27,421.80,169.27,169.27,26.50,171.87,4.61,4.61,206.16,4.61,170.23,4.61,7.14,72.13,7.21,60.30,59.52,64.54,60.30,28.61,60.30,60.30,269.68,140.40,5.62,5.62,191.30,5.62,191.30,28.05,5.62,61.85,10.81,9.58,110.37,308.57,110.37,72.71,153.19,83.38
51.53,9.86,365.90,9.86,9.14,19.54,10.60,47.46,47.46,128.76,47.46,170.55,47.46,47.46,14.28,48.20,6.93,6.93,85.40,6.93,51.91,6.93,4.68,47.73,7.67,121.01,21.06,44.03,121.01,10.54,121.01,121.01,62.39,283.82,1.61,1.61,51.94,1.61,51.94,44.79,1.61,28.56,3.09,9.86,209.36,193.00,209.36,251.29,46.31,172.01
138.94,11.75,126.09,11.75,8.23,11.95,16.33,275.90,275.90,203.78,275.90,306.10,275.90,275.90,13.64,280.48,5.45,5.45,271.93,5.45,276.76,5.45,5.08,20.59,10.02,62.88,116.44,4.84,62.88,9.68,62.88,62.88,51.81,145.55,9.92,9.92,274.79,9.92,274.79,28.59,9.92,26.22,19.07,11.75,584.31,100.24,584.31,20.03,46.80,584.36
314.19,4.65,158.17,4.65,7.52,154.54,4.71,92.27,92.27,211.58,60.95,308.57,60.95,60.95,16.75,61.00,41.05,41.05,249.37,9.73,66.83,9.73,4.62,174.68,9.78,62.75,88.14,203.05,31.43,20.50,31.43,31.43,215.37,73.77,31.43,31.43,75.47,0.11,75.47,3.31,0.11,44.08,0.21,35.97,380.72,305.45,380.72,180.89,36.22,386.84
224.77,109.03,169.32,9.09,2.55,53.99,9.53,134.89,134.89,258.88,134.89,193.00,34.95,34.95,68.75,35.39,107.90,107.90,449.19,107.90,40.89,7.96,6.36,401.79,8.39,200.84,62.06,477.26,200.84,68.97,100.90,100.90,253.56,236.72,100.90,100.90,97.02,100.90,97.02,2.43,0.95,130.82,1.83,109.03,165.78,127.28,165.78,288.69,30.43,166.26
55.90,8.58,356.99,8.58,9.88,18.17,9.26,132.00,54.34,123.24,54.34,408.68,54.34,54.34,157.16,55.01,84.81,7.14,101.60,7.14,60.19,7.14,35.72,197.71,7.82,156.78,1.87,196.02,79.12,154.61,79.12,79.12,472.43,185.47,79.12,1.46,201.64,1.46,201.64,17.95,1.46,297.09,2.80,86.25,236.19,247.88,236.19,100.43,36.24,240.03
327.77,3.15,51.53,3.15,6.32,84.22,5.45,329.63,329.63,323.36,329.63,300.66,329.63,329.63,8.09,331.93,4.68,4.68,473.00,4.68,334.73,4.68,6.64,126.04,6.98,5.91,189.00,149.45,5.91,11.18,5.91,5.91,118.08,12.81,5.00,5.00,330.71,5.00,330.71,2.12,5.00,25.78,9.61,3.15,94.68,293.38,94.68,150.41,18.36,94.71
375.34,4.48,138.94,4.48,2.92,112.90,38.97,192.69,192.69,421.80,192.69,143.60,192.69,192.69,64.32,227.19,5.08,5.08,554.03,5.08,200.32,5.08,4.70,354.28,39.58,17.33,45.41,424.17,17.33,70.45,17.33,17.33,305.08,72.70,3.71,3.71,251.82,3.71,251.82,1.06,3.71,127.86,39.91,4.48,111.33,205.37,111.33,199.82,52.79,54.94
227.86,7.57,314.19,7.57,9.27,83.03,10.13,223.41,223.41,170.55,192.85,84.41,192.85,192.85,114.82,195.40,35.18,35.18,247.23,4.62,199.58,4.62,6.57,171.86,7.17,66.66,11.82,167.41,36.10,119.76,36.10,36.10,420.57,83.60,36.10,36.10,300.34,5.54,300.34,6.64,5.54,222.72,10.65,38.14,295.00,412.64,295.00,87.42,86.52,298.17
355.14,2.51,224.77,2.51,10.16,74.46,3.47,202.01,202.01,306.10,194.90,147.78,194.90,194.90,22.85,195.86,13.46,13.46,666.28,6.36,203.70,6.36,4.61,403.92,7.31,16.28,239.66,490.26,9.17,27.69,9.17,9.17,147.01,21.10,9.17,9.17,211.72,2.07,211.72,0.31,2.07,49.70,3.98,9.62,257.69,145.31,72.71,257.17,138.41,74.02
286.74,31.88,55.90,31.88,9.61,82.19,4.89,110.37,110.37,308.57,110.37,274.37,110.37,110.37,153.19,83.38,35.72,35.72,481.36,35.72,92.67,35.72,5.96,472.24,8.72,55.38,17.21,547.26,55.38,158.58,55.38,55.38,533.59,65.71,28.05,28.05,231.28,28.05,231.28,0.01,28.05,298.21,1.38,31.88,251.29,427.03,251.29,15.89,4.32,251.32
134.00,47.89,327.77,47.89,5.76,23.72,10.53,209.36,209.36,193.00,209.36,579.77,209.36,209.36,46.31,172.01,44.37,44.37,252.64,44.37,181.53,44.37,44.37,116.33,7.01,84.49,83.74,123.24,84.49,52.13,84.49,84.49,154.86,104.10,44.79,44.79,204.83,44.79,204.83,1.01,44.79,84.83,9.79,47.89,20.03,134.66,20.03,14.84,22.33,20.38
229.31,30.90,375.34,30.90,10.17,48.54,7.53,180.89,180.89,408.68,180.89,203.49,180.89,180.89,18.25,157.51,30.17,30.17,428.33,30.17,169.19,30.17,30.17,233.47,6.80,53.61,32.44,285.93,53.61,26.79,53.61,53.61,105.99,66.38,28.59,28.59,165.76,28.59,165.76,4.74,185.61,39.20,6.87,30.90,180.89,408.68,180.89,51.80,18.25,157.51
427.58,2.30,227.86,2.30,9.14,142.05,3.82,288.69,288.69,300.66,288.69,74.82,288.69,288.69,28.59,290.21,5.30,5.30,532.09,5.30,302.47,5.30,5.30,229.20,6.83,5.02,97.85,271.18,5.02,41.55,5.02,5.02,234.73,11.08,3.31,3.31,313.14,3.31,313.14,0.24,4.22,64.09,6.37,2.30,288.69,300.66,288.69,418.55,28.59,290.21
208.34,7.10,355.14,7.10,7.30,112.25,8.22,100.43,100.43,143.60,100.43,260.05,100.43,100.43,9.11,101.56,5.98,5.98,101.78,5.98,132.23,5.98,5.98,23.88,7.10,46.34,55.87,8.31,46.34,38.76,46.34,46.34,150.68,108.29,2.43,2.43,104.96,2.43,104.96,0.90,1.15,29.32,4.68,7.10,100.43,143.60,100.43,7.93,9.11,101.56
131.10,20.00,286.74,20.00,190.45,37.97,4.41,150.41,150.41,84.41,150.41,269.73,150.41,150.41,18.38,134.82,23.26,23.26,193.53,23.26,166.63,23.26,23.26,74.42,7.67,34.28,55.08,71.28,34.28,44.38,34.28,34.28,94.44,41.81,17.95,17.95,144.29,17.95,144.29,2.02,6.89,38.09,3.10,20.00,150.41,84.41,150.41,62.50,18.38,134.82
200.35,2.47,134.00,2.47,10.48,49.51,3.45,199.82,199.82,147.78,199.82,128.25,199.82,199.82,54.95,200.80,6.30,6.30,314.56,6.30,233.08,6.30,6.30,152.09,7.28,8.79,361.48,164.25,8.79,82.77,8.79,8.79,208.96,20.19,2.12,2.12,247.21,2.12,247.21,0.45,4.68,104.49,4.08,2.47,199.82,147.78,199.82,174.34,54.95,200.80
220.19,4.95,229.31,4.95,8.89,12.18,5.44,116.65,116.65,274.37,87.42,167.64,87.42,87.42,30.70,87.90,37.01,37.01,606.60,7.77,121.46,7.77,7.77,444.36,8.26,59.52,94.31,540.65,30.29,55.51,30.29,30.29,97.91,70.89,30.29,30.29,107.83,1.06,107.83,8.84,0.60,55.03,2.03,34.18,87.42,274.37,87.42,18.65,30.70,87.90
545.34,6.26,427.58,6.26,8.49,263.63,9.33,257.17,257.17,579.77,257.17,278.41,257.17,257.17,37.93,260.23,4.64,4.64,365.47,4.64,288.55,4.64,4.64,131.62,7.71,21.06,181.49,148.83,21.06,71.91,21.06,21.06,385.47,48.04,6.64,6.64,291.05,6.64,291.05,3.20,2.16,83.92,12.78,6.26,257.17,579.77,257.17,159.72,37.93,260.23
298.22,9.14,208.34,9.14,9.52,147.47,9.28,132.01,15.89,203.49,15.89,219.26,15.89,15.89,35.36,16.04,125.36,9.24,255.45,9.24,51.37,9.24,9.24,236.24,9.39,232.56,298.60,272.74,116.44,68.66,116.44,116.44,259.21,273.35,116.44,0.31,48.75,0.31,48.75,2.34,1.33,76.37,0.61,125.26,15.89,203.49,15.89,96.41,35.36,16.04
35.33,8.23,131.10,8.23,2.92,20.68,8.24,14.84,14.84,74.82,14.84,197.41,14.84,14.84,149.69,14.84,9.98,9.98,47.30,9.98,50.71,9.98,9.98,179.97,9.98,88.14,3.61,173.27,88.14,176.67,88.14,88.14,453.16,206.97,0.01,0.01,155.63,0.01,155.63,3.37,3.59,282.79,0.02,8.23,14.84,74.82,14.84,116.75,149.69,14.84
185.45,7.52,200.35,7.52,10.42,69.22,7.99,51.80,51.80,260.05,51.80,212.40,51.80,51.80,41.64,52.27,7.85,7.85,252.55,7.85,87.25,7.85,7.85,202.34,8.32,62.06,16.66,237.63,62.06,72.32,62.06,62.06,193.26,145.53,1.01,1.01,87.66,1.01,87.66,5.32,3.72,82.40,1.95,7.52,51.80,260.05,51.80,96.13,41.64,52.27
436.56,2.55,220.19,2.55,10.02,149.56,4.74,417.11,417.11,269.73,418.55,54.17,418.55,418.55,49.92,420.74,3.29,3.29,461.00,4.73,452.34,4.73,4.73,94.38,6.91,1.87,57.77,92.44,3.31,83.79,3.31,3.31,302.44,6.75,3.31,3.31,463.80,4.74,463.80,1.47,91.67,102.96,9.12,1.12,418.55,269.73,418.55,164.83,49.92,420.74
162.68,9.88,545.34,9.88,7.88,75.49,453.27,7.93,7.93,128.25,7.93,99.07,7.93,7.93,25.30,451.33,9.41,9.41,177.23,9.41,44.56,9.41,9.41,168.34,452.80,189.00,113.99,189.79,189.00,57.12,189.00,189.00,154.82,887.04,0.24,0.24,28.17,0.24,28.17,185.61,0.88,54.03,443.75,9.88,7.93,128.25,7.93,68.31,25.30,451.33
216.15,6.32,298.22,6.32,10.52,91.22,6.73,62.50,62.50,167.64,62.50,499.18,62.50,62.50,12.45,62.92,8.04,8.04,238.86,8.04,99.00,8.04,8.04,160.37,8.46,45.41,88.13,185.07,45.41,45.21,45.41,45.41,137.13,106.43,0.90,0.90,70.30,0.90,70.30,4.22,0.70,33.47,1.74,6.32,62.50,167.64,62.50,420.38,12.45,62.92
249.61,2.92,35.33,2.92,99.77,73.33,3.86,174.34,174.34,278.41,174.34,379.75,174.34,174.34,17.14,175.27,6.41,6.41,365.16,6.41,211.35,6.41,6.41,170.58,7.34,11.82,20.49,203.91,11.82,50.11,11.82,11.82,130.35,27.32,2.02,2.02,185.42,2.02,185.42,1.15,31.61,39.88,3.89,2.92,174.34,278.41,174.34,118.45,17.14,175.27
341.69,128.88,185.45,9.27,5.41,221.02,9.48,138.25,138.25,219.26,138.25,377.92,18.65,18.65,50.14,18.85,128.55,128.55,59.26,128.55,56.97,8.95,8.95,93.94,9.15,239.66,50.59,89.88,239.66,87.58,120.05,120.05,376.74,281.82,120.05,120.05,67.46,120.05,67.46,6.89,1.32,105.57,0.86,128.88,138.25,219.26,18.65,42.49,50.14,18.85
203.31,10.16,436.56,10.16,9.69,24.40,2.01,159.72,159.72,197.41,159.72,249.87,159.72,159.72,63.34,151.57,17.26,17.26,465.32,17.26,189.86,17.26,17.26,313.42,9.11,17.21,12.60,369.01,17.21,93.55,17.21,17.21,204.05,20.66,8.84,8.84,205.93,8.84,205.93,4.68,2.78,116.30,0.91,10.16,159.72,197.41,159.72,222.87,63.34,151.57
158.91,9.61,162.68,9.61,36.17,11.23,11.09,96.41,96.41,212.40,96.41,108.58,96.41,96.41,11.60,97.89,5.37,5.37,423.39,5.37,134.51,5.37,5.37,274.18,6.85,83.74,25.00,330.32,83.74,41.44,83.74,83.74,45.61,195.96,3.20,3.20,96.54,3.20,96.54,0.60,0.49,22.78,6.16,9.61,96.41,212.40,96.41,141.33,11.60,97.89
79.63,5.76,216.15,5.76,5.84,20.49,6.84,116.75,116.75,54.17,116.75,330.17,116.75,116.75,11.02,117.83,6.07,6.07,130.69,6.07,155.35,6.07,6.07,32.95,7.15,32.44,23.43,17.22,32.44,41.88,32.44,32.44,54.90,75.68,2.34,2.34,117.69,2.34,117.69,2.16,0.25,23.39,4.51,5.76,116.75,54.17,116.75,115.42,11.02,117.83
127.99,10.17,249.61,10.17,6.01,54.90,11.73,96.13,96.13,99.07,96.13,129.11,96.13,96.13,34.28,97.68,5.27,5.27,124.64,5.27,134.52,5.27,5.27,70.28,6.82,97.85,82.20,58.34,97.85,68.22,97.85,97.85,156.87,229.06,3.37,3.37,122.59,3.37,122.59,1.33,1.65,67.68,6.48,10.17,96.13,99.07,96.13,58.95,34.28,97.68
395.61,9.14,341.69,9.14,7.17,58.01,11.60,164.83,164.83,499.18,164.83,304.83,164.83,164.83,23.11,167.29,4.64,4.64,879.24,4.64,203.01,4.64,4.64,595.47,7.09,55.87,43.57,734.23,55.87,58.01,55.87,55.87,129.66,130.07,5.32,5.32,179.35,5.32,179.35,3.59,1.96,48.53,10.22,9.14,164.83,499.18,164.83,38.14,23.11,167.29
211.19,7.30,203.31,7.30,1.11,115.04,7.98,68.31,68.31,379.75,68.31,223.40,68.31,68.31,24.53,68.99,7.12,7.12,113.59,7.12,108.92,7.12,7.12,65.79,7.80,55.08,15.36,67.29,55.08,62.61,55.08,55.08,195.16,129.04,1.47,1.47,88.83,1.47,88.83,3.72,2.39,55.59,2.84,7.30,68.31,379.75,68.31,126.61,24.53,68.99
336.13,190.45,158.91,190.45,2.90,146.93,19.07,420.38,420.38,377.92,420.38,240.41,420.38,420.38,49.72,249.01,181.25,181.25,259.66,181.25,281.05,181.25,181.25,74.25,9.87,361.48,24.99,67.37,361.48,88.77,361.48,361.48,299.12,433.77,185.61,185.61,287.00,185.61,287.00,5.09,0.82,102.48,18.72,190.45,420.38,377.92,420.38,103.41,49.72,249.01
283.75,10.48,79.63,10.48,6.53,120.67,12.42,118.45,118.45,249.87,118.45,91.39,118.45,118.45,231.20,120.40,4.87,4.87,281.62,4.87,158.07,4.87,4.87,369.94,6.82,94.31,6.24,393.40,94.31,269.84,94.31,94.31,808.31,220.56,4.22,4.22,344.46,4.22,344.46,1.32,0.41,456.45,8.12,10.48,118.45,249.87,118.45,116.39,231.20,120.40
105.02,8.89,127.99,8.89,1.64,26.71,9.43,132.66,132.66,108.58,42.49,187.90,42.49,42.49,35.01,43.02,97.78,97.78,214.10,7.61,85.11,7.61,7.61,177.33,8.15,181.49,1.15,198.88,91.32,69.89,91.32,91.32,126.83,214.20,91.32,91.32,68.60,1.15,68.60,9.77,4.20,65.11,2.22,99.06,42.49,108.58,42.49,74.40,35.01,43.02
425.37,8.49,395.61,8.49,8.62,213.15,11.67,222.87,222.87,330.17,222.87,131.74,222.87,222.87,66.80,226.05,4.67,4.67,244.41,4.67,262.64,4.67,4.67,97.74,7.85,39.17,39.17,90.59,39.17,108.82,39.17,39.17,416.55,90.51,6.89,6.89,285.02,6.89,285.02,2.75,2.83,136.59,13.25,8.49,222.87,330.17,222.87,22.55,66.80,226.05
102.97,9.52,211.19,9.52,7.31,17.11,11.68,141.33,141.33,129.11,141.33,207.02,141.33,141.33,75.92,143.49,4.74,4.74,205.21,4.74,183.44,4.74,4.74,133.99,6.90,66.85,66.85,132.90,66.85,111.13,66.85,66.85,231.66,155.99,4.68,4.68,205.67,4.68,205.67,57.04,5.66,138.63,9.00,9.52,141.33,129.11,141.33,92.37,75.92,143.49
366.03,2.92,336.13,2.92,2.41,131.94,3.19,115.42,115.42,304.83,115.42,47.15,115.42,115.42,12.25,115.70,8.63,8.63,478.52,8.63,159.94,8.63,8.63,306.07,8.91,15.75,15.75,372.90,15.75,54.32,15.75,15.75,179.74,36.85,0.60,0.60,124.63,0.60,124.63,0.09,4.03,35.55,1.15,2.92,115.42,304.83,115.42,82.35,12.25,115.70
340.32,10.42,283.75,10.42,8.21,207.57,11.41,58.95,58.95,223.40,58.95,395.43,58.95,58.95,2.66,59.95,6.25,6.25,94.63,6.25,103.81,6.25,6.25,44.10,7.25,139.17,139.17,38.15,139.17,47.32,139.17,139.17,232.46,326.33,2.16,2.16,59.27,2.16,59.27,1.83,2.59,22.24,4.16,10.42,58.95,223.40,58.95,126.88,2.66,59.95
89.41,10.02,105.02,10.02,9.62,32.53,336.67,38.14,38.14,240.41,38.14,111.41,38.14,38.14,120.02,364.78,7.33,7.33,141.96,7.33,83.50,7.33,7.33,202.18,333.98,140.05,140.05,216.70,140.05,158.23,140.05,140.05,379.08,654.63,1.33,1.33,149.68,1.33,149.68,7.11,33.03,226.53,328.59,10.02,38.14,240.41,38.14,39.68,120.02,364.78
86.04,7.88,425.37,7.88,2.12,17.32,9.53,172.52,126.61,91.39,126.61,195.46,126.61,126.61,76.31,128.27,51.05,5.14,160.46,5.14,172.81,5.14,5.14,112.05,6.80,95.40,49.50,102.72,49.50,115.08,49.50,49.50,233.03,115.46,49.50,3.59,191.91,3.59,191.91,1.88,8.89,139.40,6.90,53.78,126.61,91.39,126.61,179.55,76.31,128.27
180.53,110.90,102.97,10.52,1.62,77.70,12.23,203.79,203.79,187.90,203.79,134.43,103.41,103.41,14.36,105.13,105.46,105.46,173.79,105.46,150.03,5.08,5.08,78.75,6.79,204.48,204.48,81.78,204.48,58.01,104.10,104.10,127.66,243.65,104.10,104.10,111.08,104.10,111.08,5.82,0.99,35.59,7.15,110.90,203.79,187.90,103.41,159.37,14.36,105.13
156.25,99.77,366.03,99.77,28.82,79.71,8.79,116.39,116.39,131.74,116.39,260.79,116.39,116.39,45.54,25.41,100.11,100.11,130.08,100.11,74.11,100.11,100.11,136.53,9.12,182.87,182.87,145.93,182.87,89.96,182.87,182.87,215.71,215.15,91.67,91.67,65.77,91.67,65.77,91.67,1.42,90.47,0.89,99.77,116.39,131.74,116.39,92.80,45.54,25.41
348.98,5.41,340.32,5.41,5.93,211.34,5.82,74.40,74.40,207.02,74.40,77.39,74.40,74.40,3.71,74.81,8.08,8.08,95.97,8.08,123.44,8.08,8.08,33.64,8.49,35.41,35.41,24.49,35.41,51.96,35.41,35.41,239.04,82.97,0.88,0.88,76.45,0.88,76.45,0.88,5.61,24.00,1.70,5.41,74.40,207.02,74.40,292.58,3.71,74.81
26.26,9.69,89.41,9.69,6.85,17.88,10.01,22.55,22.55,47.15,22.55,73.04,22.55,22.55,9.77,22.87,8.43,8.43,29.79,8.43,72.28,8.43,8.43,23.31,8.75,138.48,138.48,8.20,138.48,50.69,138.48,138.48,48.62,325.03,0.70,0.70,22.81,0.70,22.81,0.70,5.90,20.97,1.34,9.69,22.55,47.15,22.55,35.07,9.77,22.87
203.68,36.17,86.04,36.17,6.84,10.65,4.73,92.37,92.37,395.43,92.37,223.75,92.37,92.37,22.24,60.93,41.19,41.19,577.48,41.19,112.19,41.19,41.19,427.26,9.76,63.10,63.10,528.98,63.10,63.68,63.10,63.10,73.14,74.20,31.61,31.61,73.13,31.61,73.13,31.61,0.33,40.25,0.23,36.17,92.37,395.43,92.37,35.91,22.24,60.93
102.18,5.84,180.53,5.84,8.87,28.64,6.45,118.79,82.35,111.41,82.35,137.63,82.35,82.35,54.03,82.96,43.78,7.34,176.56,7.34,134.13,7.34,7.34,133.51,7.95,74.20,37.76,140.74,37.76,98.32,37.76,37.76,182.41,88.39,37.76,1.32,127.57,1.32,127.57,1.32,0.74,99.75,2.55,42.28,82.35,111.41,82.35,365.05,54.03,82.96
190.52,6.01,156.25,6.01,9.11,91.94,7.30,126.88,126.88,195.46,126.88,57.04,126.88,126.88,8.17,128.16,5.68,5.68,126.96,5.68,181.04,5.68,5.68,18.07,6.96,33.01,33.01,5.48,33.01,59.56,33.01,33.01,126.60,76.93,2.78,2.78,129.51,2.78,129.51,2.78,1.19,26.49,5.34,6.01,126.88,195.46,126.88,99.32,8.17,128.16
235.65,7.17,348.98,7.17,8.44,138.25,7.40,39.68,39.68,134.43,39.68,282.71,39.68,39.68,28.11,39.91,8.86,8.86,97.02,8.86,95.15,8.86,8.86,86.25,9.08,60.36,60.36,83.11,60.36,81.24,60.36,60.36,229.43,141.62,0.49,0.49,64.97,0.49,64.97,0.49,11.39,63.07,0.94,7.17,39.68,134.43,39.68,170.04,28.11,39.91
250.73,1.11,26.26,1.11,3.82,34.78,1.23,184.73,184.73,260.79,179.55,107.08,179.55,179.55,88.80,179.66,14.59,14.59,544.33,9.40,236.53,9.40,9.40,377.74,9.52,10.61,10.61,446.08,5.43,138.29,5.43,5.43,289.89,12.70,5.43,5.43,260.61,0.25,260.61,0.25,5.49,166.31,0.47,6.30,179.55,260.79,179.55,439.06,88.80,179.66
124.48,13.86,203.68,13.86,2.89,34.43,3.66,170.34,170.34,77.39,170.34,352.55,170.34,159.37,12.52,160.13,17.83,17.83,177.70,17.83,215.69,17.83,6.87,36.23,7.63,23.59,23.59,24.02,23.59,62.01,23.59,12.62,74.82,29.29,12.62,12.62,163.41,12.62,163.41,12.62,17.00,27.88,3.18,13.86,170.34,77.39,170.34,322.11,12.52,160.13
87.93,6.53,102.18,6.53,6.52,21.08,7.43,133.07,92.80,73.04,92.80,153.43,92.80,92.80,33.71,93.70,46.76,6.49,164.65,6.49,149.40,6.49,6.49,99.09,7.39,82.50,42.23,97.70,42.23,82.44,42.23,42.23,116.68,98.75,42.23,1.96,116.68,1.96,116.68,1.96,0.55,61.88,3.76,46.81,92.80,73.04,92.80,490.40,33.71,93.70
321.42,1.64,190.52,1.64,3.27,56.72,2.75,292.58,292.58,223.75,292.58,108.51,292.58,292.58,40.15,293.68,6.02,6.02,598.04,6.02,349.50,6.02,6.02,288.72,7.12,3.52,3.52,340.79,3.52,92.24,3.52,3.52,175.23,7.77,2.39,2.39,325.51,2.39,325.51,2.39,2.48,78.36,4.60,1.64,292.58,223.75,292.58,364.58,40.15,293.68
190.80,8.62,235.65,8.62,17.61,113.44,9.00,35.07,35.07,137.63,35.07,820.25,35.07,35.07,12.44,35.45,8.21,8.21,76.07,8.21,93.40,8.21,8.21,55.90,8.58,88.04,88.04,50.52,88.04,67.85,88.04,88.04,160.78,206.57,0.82,0.82,43.78,0.82,43.78,0.82,1.75,34.90,1.57,8.62,35.07,137.63,35.07,58.49,12.44,35.45
86.59,7.31,250.73,7.31,4.75,48.81,7.49,35.91,35.91,57.04,35.91,402.37,35.91,35.91,79.08,36.10,9.03,9.03,58.10,9.03,94.60,9.03,9.03,107.34,9.22,63.22,63.22,94.93,63.22,131.43,63.22,63.22,277.64,148.37,0.41,0.41,108.23,0.41,108.23,0.41,2.18,149.74,0.79,7.31,35.91,57.04,35.91,72.01,79.08,36.10
474.06,2.41,124.48,2.41,8.70,183.79,4.35,364.56,364.56,282.71,365.05,201.99,365.05,365.05,154.53,366.99,4.38,4.38,448.25,4.88,422.33,4.88,4.88,231.13,6.82,3.21,3.21,238.21,3.71,212.30,3.71,3.71,645.09,7.81,3.71,3.71,515.87,4.20,515.87,4.20,1.34,306.77,8.08,1.92,365.05,282.71,365.05,177.09,154.53,366.99
108.44,8.21,87.93,8.21,9.73,46.41,9.51,99.32,99.32,107.08,99.32,142.23,99.32,99.32,36.84,100.62,5.64,5.64,103.73,5.64,158.17,5.64,5.64,50.88,6.94,59.32,59.32,35.94,59.32,90.38,59.32,59.32,154.44,138.68,2.83,2.83,128.03,2.83,128.03,2.83,1.76,71.19,5.43,8.21,99.32,107.08,99.32,183.21,36.84,100.62
442.98,9.62,321.42,9.62,6.99,169.69,12.23,170.04,170.04,352.55,170.04,264.22,170.04,170.04,14.67,172.66,4.61,4.61,515.31,4.61,227.94,4.61,4.61,301.65,7.22,60.65,60.65,360.90,60.65,73.53,60.65,60.65,225.43,141.21,5.66,5.66,180.01,5.66,180.01,5.66,1.26,41.08,10.89,9.62,170.04,352.55,170.04,22.33,14.67,172.66
314.68,2.12,190.80,2.12,9.95,57.69,3.98,439.06,439.06,153.43,439.06,173.27,439.06,439.06,18.26,440.92,4.94,4.94,500.49,4.94,499.58,4.94,4.94,76.59,6.80,2.57,2.57,75.74,2.57,74.84,2.57,2.57,116.19,5.19,4.03,4.03,449.34,4.03,449.34,4.03,2.98,40.24,7.75,2.12,439.06,153.43,439.06,98.12,18.26,440.92
216.91,1.62,86.59,1.62,7.03,37.85,2.81,322.48,322.11,108.51,322.11,271.61,322.11,322.11,34.80,323.30,6.21,5.84,357.76,5.84,383.69,5.84,5.84,71.53,7.03,3.33,2.96,64.38,2.96,90.31,2.96,2.96,139.06,6.40,2.96,2.59,348.24,2.59,348.24,2.59,4.33,66.41,4.98,1.99,322.11,108.51,183.21,140.25,34.80,323.30
797.63,28.82,474.06,28.82,8.51,360.42,19.42,490.40,490.40,820.25,490.40,199.12,490.40,490.40,27.01,481.00,25.02,25.02,593.51,25.02,528.66,25.02,25.02,133.72,15.62,49.90,49.90,154.79,49.90,89.94,49.90,49.90,452.61,74.13,33.03,33.03,492.18,33.03,492.18,33.03,4.57,65.18,31.09,28.82,490.40,820.25,22.33,470.49,27.01,481.00
630.35,5.93,108.44,5.93,1.85,297.52,10.03,364.58,364.58,402.37,364.58,160.83,364.58,364.58,58.16,368.68,5.11,5.11,419.03,5.11,423.38,5.11,5.11,116.66,9.22,12.61,12.61,116.55,12.61,120.90,12.61,12.61,477.30,27.73,8.89,8.89,417.78,8.89,417.78,8.89,3.35,121.62,17.10,5.93,364.58,402.37,98.12,357.77,58.16,368.68
187.67,6.85,442.98,6.85,5.09,43.55,7.31,58.49,58.49,201.99,58.49,343.34,58.49,58.49,37.64,58.94,7.90,7.90,374.74,7.90,121.44,7.90,7.90,292.80,8.35,51.96,51.96,347.45,51.96,94.15,51.96,51.96,153.42,121.80,0.99,0.99,88.70,0.99,88.70,0.99,28.59,72.23,1.90,6.85,58.49,201.99,140.25,179.65,37.64,58.94
81.61,6.84,314.68,6.84,10.42,15.91,7.49,72.01,72.01,142.23,72.01,297.90,72.01,72.01,130.81,72.67,7.20,7.20,180.74,7.20,135.15,7.20,7.20,218.16,7.85,49.03,49.03,230.87,49.03,185.29,49.03,49.03,391.36,114.83,1.42,1.42,192.75,1.42,192.75,1.42,3.31,244.65,2.73,6.84,72.01,142.23,470.49,40.16,130.81,72.67
283.25,8.87,216.91,8.87,9.87,136.50,117.63,221.79,177.09,264.22,177.09,376.76,177.09,177.09,9.45,285.84,49.32,4.61,180.22,4.61,238.27,4.61,4.61,24.43,113.37,95.02,50.31,12.76,50.31,70.81,50.31,50.31,177.05,223.12,50.31,5.61,181.11,5.61,181.11,5.61,2.43,31.10,116.95,53.58,177.09,264.22,357.77,189.74,9.45,285.84
151.51,9.11,151.51,9.11,9.50,16.75,11.83,183.21,183.21,173.27,183.21,142.26,183.21,183.21,48.30,185.93,4.60,4.60,331.89,4.60,244.27,4.60,4.60,173.30,7.33,51.66,51.66,190.65,51.66,103.03,51.66,51.66,152.25,120.05,5.90,5.90,219.28,5.90,219.28,5.90,17.95,87.20,11.34,9.11,183.21,173.27,430.03,243.52,48.30,185.93
407.89,8.44,407.89,8.44,9.78,254.18,8.59,22.33,22.33,271.61,22.33,392.80,22.33,22.33,15.71,22.48,9.22,9.22,110.35,9.22,88.39,9.22,9.22,94.93,9.37,89.56,89.56,103.10,89.56,81.14,89.56,89.56,314.56,210.23,0.33,0.33,37.08,0.33,37.08,0.33,2.12,44.67,0.63,8.44,22.33,271.61,73.93,112.04,15.71,22.48
196.50,3.82,196.50,3.82,74.23,83.99,4.16,98.12,98.12,199.12,98.12,458.65,98.12,98.12,22.70,98.46,8.36,8.36,194.92,8.36,165.13,8.36,8.36,104.15,8.70,21.92,21.92,115.35,21.92,85.56,21.92,21.92,156.95,51.33,0.74,0.74,115.93,0.74,115.93,0.74,1.06,50.26,1.42,3.82,98.12,199.12,83.74,340.32,22.70,98.46
226.10,2.89,226.10,2.89,9.40,67.68,3.44,140.25,140.25,160.83,140.25,174.73,140.25,140.25,105.67,140.80,7.55,7.55,337.40,7.55,207.31,7.55,7.55,269.36,8.10,13.83,13.83,298.06,13.83,167.97,13.83,13.83,376.67,32.23,1.19,1.19,239.96,1.19,239.96,1.19,6.64,203.31,2.29,2.89,140.25,160.83,52.64,404.58,105.67,140.80
536.39,6.52,536.39,6.52,3.67,201.86,11.78,470.49,470.49,343.34,470.49,224.62,470.49,470.49,64.37,475.75,6.01,6.01,504.57,6.01,533.49,6.01,6.01,110.29,11.26,10.09,10.09,102.80,10.09,131.72,10.09,10.09,397.95,21.28,11.39,11.39,527.82,11.39,527.82,11.39,0.31,131.72,21.91,6.52,470.49,343.34,93.91,146.13,64.37,475.75
220.93,3.27,220.93,3.27,10.38,18.14,5.80,357.77,357.77,297.90,357.77,219.58,357.77,357.77,17.43,360.30,4.62,4.62,446.13,4.62,424.86,4.62,4.62,87.93,7.15,5.48,5.48,99.40,5.48,78.12,5.48,5.48,69.10,11.71,5.49,5.49,363.32,5.49,363.32,5.49,0.01,33.53,10.55,3.27,357.77,297.90,38.86,63.98,17.43,360.30
255.23,17.61,255.23,17.61,6.81,13.56,25.46,544.95,430.03,376.76,430.03,148.03,430.03,430.03,56.81,437.87,123.48,8.55,537.76,8.55,491.72,8.55,8.55,150.39,16.40,246.84,131.92,163.43,131.92,117.39,131.92,131.92,172.55,306.16,131.92,17.00,468.73,17.00,468.73,17.00,1.01,102.18,32.68,132.54,430.03,376.76,80.18,430.03,56.81,437.87
135.59,4.75,135.59,4.75,0.49,26.19,5.00,73.93,73.93,142.26,73.93,82.61,73.93,73.93,21.49,74.19,8.73,8.73,292.42,8.73,145.90,8.73,8.73,197.73,8.99,30.50,30.50,231.88,30.50,85.36,30.50,30.50,89.30,71.50,0.55,0.55,86.78,0.55,86.78,0.55,4.74,41.62,1.06,4.75,73.93,142.26,49.15,73.93,21.49,74.19
472.48,8.70,472.48,8.70,13.15,199.67,9.85,152.33,83.74,392.80,83.74,253.52,83.74,83.74,1.49,84.88,74.52,5.93,513.63,5.93,155.33,5.93,5.93,351.51,7.08,139.67,71.07,431.25,71.07,72.95,71.07,71.07,221.34,166.37,71.07,2.48,82.61,2.48,82.61,2.48,0.24,20.18,4.77,77.30,83.74,392.80,323.16,83.74,1.49,84.88
679.95,9.73,679.95,9.73,3.42,431.86,268.21,52.64,52.64,458.65,52.64,256.71,52.64,52.64,30.30,311.12,6.74,6.74,135.97,6.74,125.18,6.74,6.74,105.12,265.22,111.32,111.32,114.38,111.32,103.59,111.32,111.32,533.44,518.71,1.75,1.75,81.94,1.75,81.94,1.75,0.90,71.28,261.04,9.73,52.64,458.65,195.03,52.64,30.30,311.12
117.46,6.99,117.46,6.99,2.36,22.55,7.99,138.15,138.15,174.73,93.91,377.39,93.91,93.91,28.65,94.92,50.47,50.47,245.78,6.23,166.82,6.23,6.23,150.46,7.24,90.65,90.65,172.90,46.42,93.93,46.42,46.42,104.50,108.54,46.42,46.42,112.76,2.18,112.76,2.18,2.02,53.30,4.19,51.22,93.91,174.73,129.11,93.91,28.65,94.92
59.92,9.95,59.92,9.95,9.35,20.96,10.57,38.86,38.86,224.62,38.86,230.01,38.86,38.86,154.42,39.47,7.32,7.32,108.02,7.32,112.30,7.32,7.32,208.98,7.94,134.68,134.68,215.39,134.68,219.67,134.68,134.68,467.58,315.98,1.34,1.34,183.75,1.34,183.75,1.34,0.45,292.20,2.57,9.95,38.86,224.62,98.24,38.86,154.42,39.47
187.10,7.03,187.10,7.03,3.76,83.03,7.84,127.92,127.92,219.58,80.18,207.46,80.18,80.18,8.63,80.99,54.47,54.47,180.34,6.73,153.65,6.73,6.73,92.90,7.54,97.24,97.24,105.11,49.50,78.42,49.50,49.50,118.23,115.87,49.50,49.50,83.37,1.76,83.37,1.76,8.84,26.57,3.38,54.77,80.18,219.58,441.19,80.18,8.63,80.99
251.01,8.51,251.01,8.51,10.19,136.59,9.09,49.15,49.15,148.03,49.15,592.25,49.15,49.15,7.12,49.73,7.44,7.44,145.97,7.44,123.72,7.44,7.44,97.21,8.02,79.65,79.65,101.96,79.65,79.70,79.65,79.65,171.00,186.77,1.26,1.26,53.02,1.26,53.02,1.26,3.20,27.28,2.42,8.51,49.15,148.03,153.09,49.15,7.12,49.73
218.44,1.85,218.44,1.85,6.85,42.49,3.23,323.16,323.16,82.61,323.16,105.18,323.16,323.16,23.66,324.54,5.52,5.52,340.15,5.52,398.29,5.52,5.52,49.71,6.90,3.37,3.37,35.12,3.37,93.26,3.37,3.37,113.78,7.28,2.98,2.98,338.31,2.98,338.31,2.98,2.34,47.63,5.74,1.85,323.16,82.61,199.64,323.16,23.66,324.54
434.83,5.09,434.83,5.09,7.93,234.32,0.89,195.03,195.03,253.52,195.03,153.42,195.03,195.03,13.11,190.82,14.04,14.04,194.04,14.04,267.51,14.04,14.04,27.07,9.83,8.57,8.57,15.44,8.57,88.91,8.57,8.57,287.40,10.14,4.33,4.33,202.89,4.33,202.89,4.33,3.37,39.97,0.16,5.09,195.03,253.52,79.14,195.03,13.11,190.82
221.11,10.42,221.11,10.42,7.65,90.86,12.53,129.11,129.11,256.71,129.11,272.14,129.11,129.11,82.08,131.21,4.77,4.77,222.96,4.77,206.48,4.77,4.77,163.40,6.88,87.83,87.83,174.02,87.83,157.53,87.83,87.83,332.92,205.26,4.57,4.57,204.71,4.57,204.71,4.57,5.32,159.97,8.78,10.42,129.11,256.71,120.93,129.11,82.08,131.21
172.53,9.87,172.53,9.87,14.30,81.58,11.41,183.68,98.24,377.39,98.24,272.57,98.24,98.24,54.22,99.78,90.72,5.28,134.58,5.28,177.44,5.28,5.28,88.15,6.82,174.24,88.79,87.61,88.79,130.46,88.79,88.79,242.40,207.79,88.79,3.35,146.15,3.35,146.15,3.35,1.47,106.59,6.44,95.31,98.24,377.39,83.84,98.24,54.22,99.78
495.71,19.24,495.71,19.24,3.83,183.68,15.71,441.19,441.19,386.37,441.19,386.37,441.19,431.44,118.90,437.65,16.64,16.64,482.82,16.64,505.70,16.64,6.89,177.22,13.11,32.96,32.96,175.39,32.96,198.27,32.96,23.21,539.04,51.64,23.21,23.21,541.98,23.21,541.98,23.21,13.46,236.47,25.88,19.24,441.19,386.37,89.33,431.44,118.90,437.65
213.87,9.78,213.87,9.78,3.26,77.40,12.16,153.09,153.09,287.82,153.09,287.82,153.09,153.09,77.21,155.47,4.65,4.65,250.73,4.65,232.02,4.65,4.65,160.01,7.04,67.38,67.38,172.58,67.38,153.87,67.38,67.38,304.04,157.12,5.16,5.16,222.88,5.16,222.88,5.16,5.16,149.43,9.92,9.78,153.09,287.82,239.46,153.09,77.21,155.47
511.50,74.23,511.50,74.23,3.16,276.39,11.62,199.64,199.64,334.80,199.64,334.80,199.64,199.64,27.76,137.03,69.47,69.47,268.60,69.47,214.90,69.47,69.47,146.24,6.86,133.83,133.83,163.00,133.83,109.31,133.83,133.83,370.02,161.44,69.16,69.16,159.84,69.16,159.84,69.16,69.16,65.87,8.61,74.23,199.64,334.80,160.43,199.64,27.76,137.03
74.01,9.40,74.01,9.40,2.56,31.81,10.58,79.14,79.14,176.16,79.14,176.16,79.14,79.14,30.93,80.32,5.87,5.87,78.95,5.87,160.81,5.87,5.87,36.10,7.05,86.44,86.44,24.15,86.44,106.01,86.44,86.44,121.49,202.43,2.55,2.55,100.93,2.55,100.93,2.55,2.55,58.74,4.91,9.40,79.14,176.16,262.28,79.14,30.93,80.32
206.17,3.67,206.17,3.67,12.01,87.94,4.26,138.73,120.93,215.19,120.93,215.19,120.93,120.93,31.62,121.52,25.23,7.43,194.64,7.43,203.34,7.43,7.43,95.34,8.01,36.87,19.07,101.63,19.07,110.33,19.07,19.07,185.72,44.51,19.07,1.27,147.58,1.27,147.58,1.27,1.27,66.16,2.44,21.47,120.93,215.19,155.02,120.93,31.62,121.52
76.46,10.38,76.46,10.38,1.22,16.05,11.77,83.84,83.84,101.85,83.84,101.85,83.84,83.84,16.51,85.23,5.50,5.50,159.10,5.50,166.54,5.50,5.50,82.88,6.89,112.93,112.93,83.92,112.93,91.37,112.93,112.93,64.21,264.54,3.01,3.01,89.49,3.01,89.49,3.01,3.01,31.65,5.79,10.38,83.84,101.85,11.62,83.84,16.51,85.23
47.68,64.09,47.68,64.09,6.95,16.45,6.86,89.33,89.33,80.09,89.33,80.09,89.33,32.05,18.45,32.10,67.01,67.01,95.98,67.01,116.40,67.01,9.73,72.50,9.78,114.66,114.66,73.12,114.66,93.54,114.66,57.38,69.84,134.72,57.38,57.38,41.14,57.38,41.14,57.38,0.11,34.94,0.21,64.09,89.33,80.09,241.30,32.05,18.45,32.10
291.18,0.49,291.18,0.49,8.07,80.59,0.55,239.46,239.46,363.61,239.46,363.61,239.46,239.46,71.94,239.52,9.70,9.70,423.63,9.70,324.65,9.70,9.70,218.10,9.75,2.29,2.29,251.48,2.29,152.50,2.29,2.29,292.25,5.34,0.12,0.12,306.66,0.12,306.66,0.12,0.12,139.72,0.24,0.49,239.46,363.61,22.61,239.46,71.94,239.52
134.87,13.15,134.87,13.15,63.73,43.11,3.05,160.43,160.43,89.97,160.43,89.97,160.43,160.43,141.52,150.33,18.27,18.27,172.77,18.27,234.54,18.27,18.27,168.02,8.18,22.36,22.36,158.07,22.36,219.85,22.36,22.36,455.09,27.34,11.74,11.74,283.80,11.74,283.80,11.74,11.74,270.46,2.17,13.15,160.43,89.97,58.05,160.43,141.52,150.33
199.12,3.42,199.12,3.42,5.84,36.07,5.41,267.02,267.02,307.03,262.28,307.03,262.28,262.28,27.82,264.27,9.58,9.58,343.07,4.84,345.50,4.84,4.84,93.43,6.83,13.78,13.78,103.25,9.04,105.67,9.04,9.04,117.83,20.32,9.04,9.04,280.44,4.31,280.44,4.31,4.31,53.94,8.29,8.15,262.28,307.03,39.05,262.28,27.82,264.27
531.00,2.36,531.00,2.36,4.11,244.98,2.86,155.02,155.02,300.08,155.02,300.08,155.02,155.02,42.08,155.53,7.72,7.72,453.89,7.72,240.01,7.72,7.72,291.75,8.22,10.75,10.75,340.62,10.75,126.74,10.75,10.75,378.26,25.01,1.09,1.09,195.69,1.09,195.69,1.09,1.09,91.20,2.09,2.36,155.02,300.08,243.64,155.02,42.08,155.53
20.67,9.35,20.67,9.35,9.58,18.21,9.46,11.62,11.62,85.50,11.62,85.50,11.62,11.62,178.52,11.73,9.44,9.44,16.76,9.44,98.09,9.44,9.44,187.21,9.55,131.21,131.21,174.64,131.21,255.97,131.21,131.21,536.18,308.06,0.23,0.23,180.90,0.23,180.90,0.23,0.23,339.45,0.44,9.35,11.62,85.50,218.86,11.62,178.52,11.73
284.27,3.76,284.27,3.76,2.11,87.17,23.02,241.30,241.30,245.20,241.30,245.20,241.30,241.30,93.84,260.56,4.86,4.86,373.01,4.86,327.36,4.86,4.86,204.96,24.13,11.23,11.23,223.30,11.23,177.65,11.23,11.23,363.30,42.77,4.24,4.24,328.65,4.24,328.65,4.24,4.24,182.28,25.46,3.76,241.30,245.20,76.82,241.30,93.84,260.56
82.12,10.19,82.12,10.19,6.43,23.56,10.58,22.61,22.61,123.46,22.61,123.46,22.61,22.61,39.15,23.00,8.16,8.16,170.23,8.16,111.04,8.16,8.16,159.15,8.55,193.46,193.46,178.58,193.46,119.39,193.46,193.46,134.66,454.11,0.84,0.84,52.73,0.84,52.73,0.84,0.84,71.94,1.61,10.19,22.61,123.46,327.91,22.61,39.15,23.00
376.28,6.85,376.28,6.85,3.28,233.45,7.30,58.05,58.05,208.95,58.05,208.95,58.05,58.05,1.45,58.50,7.92,7.92,88.82,7.92,146.47,7.92,7.92,39.68,8.37,52.03,52.03,31.73,52.03,89.38,52.03,52.03,255.66,121.97,0.97,0.97,58.04,0.97,58.04,0.97,0.97,20.76,1.87,6.85,58.05,208.95,136.96,58.05,1.45,58.50
89.21,7.93,89.21,7.93,8.46,22.35,8.27,39.05,39.05,112.68,39.05,112.68,39.05,39.05,25.39,39.39,8.37,8.37,189.04,8.37,128.29,8.37,8.37,147.86,8.71,72.30,72.30,167.02,72.30,106.26,72.30,72.30,95.39,169.63,0.73,0.73,55.35,0.73,55.35,0.73,0.73,47.66,1.40,7.93,39.05,112.68,371.46,39.05,25.39,39.39
422.97,7.65,422.97,7.65,8.41,64.62,10.93,243.64,243.64,506.53,243.64,506.53,243.64,243.64,45.68,246.92,4.70,4.70,891.85,4.70,331.19,4.70,4.70,566.06,7.98,30.41,30.41,691.90,30.41,131.24,30.41,30.41,199.53,69.91,7.10,7.10,280.22,7.10,280.22,7.10,7.10,89.24,13.66,7.65,243.64,506.53,101.57,243.64,45.68,246.92
186.37,14.30,186.37,14.30,4.83,55.22,18.35,458.96,218.86,259.61,218.86,259.61,218.86,218.86,25.79,222.90,245.18,5.07,238.29,5.07,305.78,5.07,5.07,51.07,9.12,488.97,248.87,43.48,248.87,110.97,248.87,248.87,133.84,582.54,248.87,8.77,234.14,8.77,234.14,8.77,8.77,52.83,16.86,254.41,218.86,259.61,329.67,218.86,25.79,222.90
275.59,27.76,275.59,3.83,4.57,131.23,3.89,100.75,100.75,149.56,100.75,149.56,76.82,76.82,15.13,76.89,33.59,33.59,229.56,33.59,170.74,9.66,9.66,147.93,9.72,48.00,48.00,165.17,48.00,106.35,24.07,24.07,186.70,56.48,24.07,24.07,89.12,24.07,89.12,0.14,0.14,40.34,0.27,27.76,100.75,149.56,115.96,76.82,15.13,76.89
279.71,3.26,279.71,3.26,3.41,26.63,5.63,327.91,327.91,288.10,327.91,288.10,327.91,327.91,47.94,330.28,4.66,4.66,596.85,4.66,420.21,4.66,4.66,262.47,7.03,6.23,6.23,311.12,6.23,134.47,6.23,6.23,162.84,13.54,5.13,5.13,364.95,5.13,364.95,5.13,5.13,88.27,9.87,3.26,327.91,288.10,161.15,327.91,47.94,330.28
256.58,3.16,256.58,3.16,1.48,29.16,3.77,136.96,136.96,279.74,136.96,279.74,136.96,136.96,12.35,137.57,7.35,7.35,610.00,7.35,232.14,7.35,7.35,390.07,7.96,15.28,15.28,477.94,15.28,100.08,15.28,15.28,68.36,35.60,1.32,1.32,140.55,1.32,140.55,1.32,1.32,26.86,2.54,3.16,136.96,279.74,296.86,136.96,12.35,137.57
339.85,2.56,339.85,2.56,0.05,64.85,4.63,371.46,371.46,270.03,371.46,270.03,371.46,371.46,81.41,373.53,4.79,4.79,576.86,4.79,465.35,4.79,4.79,248.72,6.86,3.86,3.86,283.53,3.86,172.02,3.86,3.86,302.42,8.12,4.49,4.49,445.10,4.49,445.10,4.49,4.49,156.15,8.63,2.56,371.46,270.03,119.74,371.46,81.41,373.53
91.16,10.93,91.16,10.93,10.93,12.80,12.68,219.16,101.57,135.43,101.57,135.43,101.57,101.57,70.31,103.32,122.63,5.05,210.12,5.05,196.53,5.05,5.05,161.26,6.79,238.94,121.36,171.06,121.36,157.47,121.36,121.36,210.30,284.18,121.36,3.78,160.30,3.78,160.30,3.78,3.78,127.19,7.26,128.52,101.57,135.43,109.34,101.57,70.31,103.32
371.57,11.55,371.57,11.55,11.55,128.53,16.90,329.67,329.67,320.94,329.67,320.94,329.67,329.67,48.53,335.01,6.08,6.08,406.06,6.08,421.04,6.08,6.08,124.94,11.43,49.47,49.47,127.87,49.47,142.85,49.47,49.47,276.45,113.71,11.58,11.58,369.56,11.58,369.56,11.58,11.58,99.39,22.27,11.55,329.67,320.94,117.84,329.67,48.53,335.01
165.74,4.31,165.74,4.31,4.31,49.73,5.02,115.96,115.96,225.81,115.96,225.81,115.96,115.96,21.62,116.67,7.03,7.03,251.53,7.03,212.65,7.03,7.03,130.63,7.74,23.05,23.05,151.47,23.05,112.59,23.05,23.05,116.40,53.80,1.53,1.53,130.33,1.53,130.33,1.53,1.53,45.05,2.95,4.31,115.96,225.81,176.36,115.96,21.62,116.67
431.85,9.18,431.85,1.71,1.71,227.60,19.66,168.63,168.63,412.84,168.63,412.84,161.15,161.15,63.00,179.10,16.14,16.14,229.56,16.14,258.70,8.66,8.66,123.77,26.61,15.54,15.54,130.66,15.54,159.81,8.06,8.06,420.33,36.48,8.06,8.06,222.82,8.06,222.82,0.58,0.58,129.72,18.80,9.18,168.63,412.84,117.96,161.15,63.00,179.10
518.50,8.62,518.50,8.62,8.62,184.24,12.86,296.86,296.86,743.79,296.86,743.79,296.86,296.86,5.93,301.09,5.20,5.20,614.95,5.20,390.22,5.20,5.20,263.78,9.44,30.82,30.82,327.01,30.82,102.28,30.82,30.82,217.15,70.41,9.18,9.18,296.59,9.18,296.59,9.18,9.18,26.99,17.66,8.62,296.86,743.79,190.67,296.86,5.93,301.09
597.67,3.35,597.67,3.35,3.35,363.36,3.82,119.74,119.74,343.82,119.74,343.82,119.74,119.74,12.80,120.20,7.84,7.84,153.93,7.84,218.07,7.84,7.84,51.32,8.31,17.51,17.51,47.24,17.51,111.37,17.51,17.51,416.80,40.90,1.02,1.02,131.76,1.02,131.76,1.02,1.02,40.64,1.95,3.35,119.74,343.82,62.13,119.74,12.80,120.20
70.56,6.85,70.56,6.85,6.85,18.35,8.05,149.14,109.34,164.87,109.34,164.87,109.34,109.34,26.03,110.54,45.62,5.81,117.51,5.81,208.00,5.81,5.81,36.33,7.02,82.22,42.42,26.39,42.42,116.88,42.42,42.42,92.47,99.05,42.42,2.61,124.94,2.61,124.94,2.61,2.61,48.09,5.03,46.65,109.34,164.87,171.45,109.34,26.03,110.54
161.71,9.77,161.71,9.77,9.77,68.62,11.61,192.51,117.84,195.60,117.84,195.60,117.84,117.84,30.31,119.67,79.64,4.96,151.80,4.96,216.06,4.96,4.96,65.46,6.80,153.33,78.65,60.96,78.65,125.22,78.65,78.65,161.07,183.85,78.65,3.98,140.85,3.98,140.85,3.98,3.98,62.14,7.65,84.45,117.84,195.60,330.87,117.84,30.31,119.67
365.93,11.31,365.93,11.31,11.31,169.09,3.08,176.36,176.36,246.88,176.36,246.88,176.36,176.36,29.26,168.14,16.08,16.08,287.01,16.08,267.13,16.08,16.08,132.23,7.85,19.18,19.18,147.62,19.18,127.74,19.18,19.18,264.69,23.89,10.30,10.30,194.16,10.30,194.16,10.30,10.30,66.33,2.73,11.31,176.36,246.88,405.41,176.36,29.26,168.14
377.46,86.05,377.46,86.05,8.29,187.25,8.70,117.96,117.96,281.38,117.96,281.38,117.96,40.20,3.12,40.61,85.84,85.84,304.76,85.84,140.80,85.84,8.08,221.50,8.49,156.40,156.40,266.56,156.40,102.60,156.40,78.64,212.87,184.48,78.64,78.64,41.32,78.64,41.32,78.64,0.88,22.50,1.70,86.05,117.96,281.38,223.72,40.20,3.12,40.61
244.57,1.09,244.57,1.09,1.09,76.62,1.27,190.67,190.67,148.36,190.67,148.36,190.67,190.67,31.49,190.85,9.08,9.08,326.41,9.08,293.48,9.08,9.08,145.57,9.26,4.97,4.97,162.54,4.97,129.61,4.97,4.97,173.08,11.58,0.39,0.39,217.09,0.39,217.09,0.39,0.39,64.97,0.74,1.09,190.67,148.36,239.71,190.67,31.49,190.85
380.53,7.33,380.53,7.33,7.33,213.78,7.92,62.13,62.13,236.89,62.13,236.89,62.13,62.13,17.01,62.72,7.40,7.40,186.09,7.40,164.75,7.40,7.40,126.47,7.99,56.92,56.92,140.42,56.92,119.08,56.92,56.92,277.00,133.40,1.28,1.28,77.31,1.28,77.31,1.28,1.28,46.21,2.47,7.33,62.13,236.89,199.50,62.13,17.01,62.72
119.78,2.55,119.78,2.55,2.55,26.65,3.29,171.45,171.45,131.29,171.45,131.29,171.45,171.45,25.30,172.20,6.92,6.92,194.31,6.92,274.34,6.92,6.92,47.97,7.66,10.53,10.53,40.65,10.53,120.67,10.53,10.53,100.15,24.38,1.62,1.62,187.62,1.62,187.62,1.62,1.62,48.20,3.11,2.55,171.45,131.29,49.79,171.45,25.30,172.20
218.24,7.17,218.24,7.17,7.17,18.74,11.42,330.87,330.87,249.75,330.87,249.75,330.87,330.87,16.81,335.11,5.21,5.21,449.54,5.21,430.76,5.21,5.21,116.85,9.45,19.74,19.74,131.01,19.74,112.22,19.74,19.74,68.15,44.39,9.20,9.20,334.00,9.20,334.00,9.20,9.20,32.60,17.69,7.17,330.87,249.75,61.67,330.87,16.81,335.11
354.80,14.97,354.80,14.97,14.97,89.30,22.05,405.41,405.41,348.45,405.41,348.45,405.41,405.41,23.14,412.49,7.76,7.76,495.70,7.76,502.86,7.76,7.76,111.89,14.84,74.35,74.35,116.82,74.35,123.98,74.35,74.35,163.88,171.33,15.34,15.34,416.61,15.34,416.61,15.34,15.34,51.45,29.50,14.97,405.41,348.45,52.21,405.41,23.14,412.49
200.41,1.79,200.41,1.79,1.79,13.43,2.60,223.72,223.72,158.71,223.72,158.71,223.72,223.72,74.90,224.53,6.73,6.73,473.28,6.73,329.13,6.73,6.73,275.63,7.54,5.72,5.72,315.70,5.72,171.56,5.72,5.72,224.29,13.06,1.76,1.76,288.11,1.76,288.11,1.76,1.76,135.96,3.38,1.79,223.72,158.71,72.04,223.72,74.90,224.53
214.71,6.37,214.71,6.37,6.37,59.23,50.17,239.71,239.71,217.84,239.71,217.84,239.71,239.71,82.57,283.51,4.61,4.61,293.70,4.61,343.65,4.61,4.61,134.01,48.41,23.10,23.10,133.81,23.10,183.76,23.10,23.10,299.52,93.84,6.24,6.24,313.30,6.24,313.30,6.24,6.24,157.73,52.92,6.37,239.71,217.84,99.70,239.71,82.57,283.51
128.25,14.41,128.25,14.41,14.41,10.73,4.97,199.50,199.50,147.92,199.50,147.92,199.50,199.50,190.50,190.05,16.36,16.36,287.58,16.36,294.55,16.36,16.36,271.01,6.91,24.54,24.54,280.94,24.54,287.91,24.54,24.54,562.93,31.64,13.74,13.74,367.80,13.74,367.80,13.74,13.74,361.70,5.65,14.41,199.50,147.92,650.38,199.50,190.50,190.05
205.96,6.93,205.96,6.93,6.93,65.92,7.27,49.79,49.79,246.33,49.79,246.33,49.79,49.79,9.91,50.13,8.37,8.37,330.17,8.37,158.86,8.37,8.37,234.58,8.70,54.74,54.74,285.19,54.74,113.88,54.74,54.74,103.02,128.39,0.73,0.73,53.88,0.73,53.88,0.73,0.73,27.19,1.41,6.93,49.79,246.33,116.38,49.79,9.91,50.13
321.53,9.43,321.53,9.43,9.43,134.41,10.34,61.67,61.67,367.60,61.67,367.60,61.67,61.67,217.86,62.58,6.47,6.47,361.22,6.47,171.13,6.47,6.47,459.10,7.38,95.76,95.76,515.71,95.76,325.62,95.76,95.76,782.90,224.46,1.97,1.97,275.87,1.97,275.87,1.97,1.97,430.63,3.79,9.43,61.67,367.60,53.60,61.67,217.86,62.58
288.74,7.44,288.74,7.44,7.44,106.22,7.90,112.07,52.21,284.03,52.21,284.03,52.21,52.21,18.17,52.67,67.73,7.87,393.91,7.87,163.33,7.87,7.87,294.45,8.34,120.72,60.86,356.79,60.86,126.21,60.86,60.86,168.50,142.70,60.86,1.00,66.29,1.00,66.29,1.00,1.00,44.11,1.92,67.30,52.21,284.03,436.24,52.21,18.17,52.67
235.36,5.73,235.36,5.73,5.73,58.26,6.17,72.04,72.04,374.16,72.04,374.16,72.04,72.04,232.18,72.48,7.95,7.95,442.64,7.95,183.66,7.95,7.95,525.27,8.39,38.43,38.43,597.33,38.43,338.35,38.43,38.43,743.16,90.04,0.96,0.96,297.81,0.96,297.81,0.96,0.96,452.72,1.84,5.73,72.04,374.16,158.58,72.04,232.18,72.48
536.04,42.23,536.04,42.23,42.23,281.34,5.69,99.70,99.70,503.87,99.70,503.87,99.70,99.70,20.64,63.16,45.54,45.54,355.59,45.54,178.45,45.54,45.54,256.67,9.00,74.11,74.11,312.98,74.11,135.84,74.11,74.11,355.44,87.54,37.33,37.33,82.68,37.33,82.68,37.33,37.33,53.46,1.04,42.23,99.70,503.87,192.72,99.70,20.64,63.16
228.26,11.26,228.26,11.26,11.26,59.55,15.11,292.19,233.58,326.02,233.58,326.02,233.58,233.58,64.28,237.43,63.57,4.96,336.46,4.96,345.64,4.96,4.96,151.49,8.81,125.57,66.96,165.49,66.96,174.66,66.96,66.96,246.90,155.46,66.96,8.35,287.84,8.35,287.84,8.35,8.35,123.08,16.05,69.87,650.38,436.69,205.12,650.38,22.25,392.02
215.52,3.81,215.52,3.81,3.81,92.76,4.80,150.96,150.96,136.19,150.96,136.19,150.96,150.96,108.79,151.95,6.26,6.26,186.04,6.26,266.58,6.26,6.26,148.17,7.26,17.32,17.32,140.84,17.32,221.37,17.32,17.32,413.36,40.22,2.15,2.15,254.55,2.15,254.55,2.15,2.15,211.81,4.14,3.81,116.38,251.18,70.25,57.01,30.77,57.56
172.97,11.01,172.97,11.01,11.01,45.38,14.27,198.00,198.00,312.20,198.00,312.20,198.00,198.00,84.33,201.27,4.69,4.69,253.85,4.69,312.74,4.69,4.69,133.34,7.96,73.50,73.50,136.91,73.50,195.81,73.50,73.50,289.00,171.09,7.08,7.08,271.99,7.08,271.99,7.08,7.08,159.30,13.61,11.01,53.60,119.30,138.28,53.60,17.71,53.74
298.66,8.86,298.66,8.86,8.86,132.78,11.80,201.33,201.33,256.74,201.33,256.74,201.33,201.33,22.68,204.28,4.62,4.62,231.15,4.62,317.57,4.62,4.62,59.10,7.56,45.82,45.82,52.97,45.82,139.39,45.82,45.82,208.79,106.23,6.38,6.38,218.10,6.38,218.10,6.38,6.38,53.33,12.27,8.86,436.24,311.69,42.58,436.24,21.78,425.79
157.53,8.04,157.53,8.04,8.04,23.28,132.52,160.27,160.27,200.62,108.14,200.62,108.14,108.14,26.05,232.62,57.60,57.60,355.59,5.47,226.84,5.47,5.47,225.24,129.95,107.32,107.32,266.39,55.19,137.65,55.19,55.19,98.27,252.01,55.19,55.19,124.02,3.05,124.02,3.05,3.05,48.94,128.94,60.18,209.20,367.18,264.83,158.58,19.33,280.85
84.03,5.00,84.03,5.00,5.00,28.66,5.39,80.21,80.21,67.71,80.21,67.71,80.21,80.21,121.00,80.61,8.12,8.12,122.97,8.12,200.82,8.12,8.12,162.49,8.52,31.49,31.49,156.05,31.49,233.90,31.49,31.49,377.47,73.76,0.86,0.86,192.64,0.86,192.64,0.86,0.86,227.81,1.66,5.00,192.72,436.16,151.36,177.57,2.13,215.38
188.72,20.14,188.72,4.49,4.49,31.12,5.98,189.50,189.50,203.59,189.50,203.59,173.85,173.85,26.97,175.34,21.00,21.00,379.14,21.00,295.52,5.35,5.35,192.76,6.84,34.53,34.53,225.94,34.53,142.32,18.88,18.88,109.84,43.65,18.88,18.88,191.28,18.88,191.28,3.23,3.23,51.75,6.21,20.14,205.12,303.61,125.37,205.12,16.03,206.66
116.60,3.95,116.60,3.95,3.95,24.84,4.92,144.68,144.68,378.70,144.68,378.70,144.68,144.68,75.23,145.64,6.33,6.33,206.88,6.33,267.50,6.33,6.33,124.11,7.30,18.54,18.54,129.99,18.54,190.61,18.54,18.54,238.81,43.10,2.09,2.09,210.37,2.09,210.37,2.09,2.09,138.74,4.02,3.95,70.25,250.75,266.43,70.25,59.36,71.47
134.95,8.57,134.95,8.57,8.57,35.74,11.08,175.17,175.17,211.26,175.17,211.26,175.17,175.17,100.56,177.67,4.63,4.63,195.94,4.63,296.82,4.63,4.63,123.38,7.13,47.59,47.59,116.50,47.59,217.38,47.59,47.59,325.46,110.60,5.43,5.43,265.47,5.43,265.47,5.43,5.43,189.15,10.43,8.57,138.28,275.50,364.76,138.28,17.22,140.71
435.11,11.56,435.11,11.56,11.56,177.14,13.84,129.94,129.94,493.77,129.94,493.77,129.94,129.94,55.19,132.22,4.69,4.69,478.59,4.69,252.08,4.69,4.69,336.81,6.97,124.64,124.64,404.57,124.64,178.07,124.64,124.64,346.12,291.63,4.93,4.93,180.94,4.93,180.94,4.93,4.93,113.79,9.49,11.56,42.58,86.75,61.75,42.58,14.17,43.13
177.73,6.10,177.73,6.10,6.10,14.69,7.62,142.44,142.44,314.90,142.44,314.90,142.44,142.44,55.05,143.95,5.31,5.31,440.20,5.31,268.85,5.31,5.31,288.54,6.83,31.71,31.71,344.97,31.71,173.62,31.71,31.71,168.90,73.76,3.29,3.29,186.35,3.29,186.35,3.29,3.29,99.16,6.32,6.10,264.83,354.42,10.13,264.83,135.03,269.25
134.99,31.76,134.99,4.47,4.47,40.43,68.93,107.20,107.20,117.56,107.20,117.56,79.91,79.91,84.86,144.37,35.94,35.94,220.48,35.94,210.28,8.66,8.66,201.55,73.12,55.15,55.15,218.54,55.15,208.35,27.87,27.87,284.89,129.50,27.87,27.87,157.31,27.87,157.31,0.58,0.58,159.60,65.31,31.76,151.36,489.00,65.26,151.36,12.92,152.21
726.70,11.11,726.70,11.11,11.11,322.49,12.64,86.71,86.71,731.47,86.71,731.47,86.71,86.71,13.29,88.24,5.30,5.30,736.46,5.30,216.60,5.30,5.30,535.02,6.83,149.60,149.60,664.30,149.60,144.44,149.60,149.60,377.01,350.59,3.31,3.31,97.94,3.31,97.94,3.31,3.31,41.23,6.37,11.11,125.37,253.19,40.27,125.37,11.36,126.87
37.72,10.67,37.72,10.67,10.67,14.91,394.19,56.35,56.35,65.06,56.35,65.06,56.35,56.35,21.90,439.87,6.28,6.28,61.86,6.28,187.18,6.28,6.28,34.67,389.79,164.85,164.85,19.01,164.85,144.33,164.85,164.85,77.27,769.18,2.14,2.14,67.71,2.14,67.71,2.14,2.14,40.46,386.65,10.67,266.43,424.66,233.58,266.43,1.27,269.70
110.92,9.08,110.92,9.08,9.08,26.04,9.65,43.21,43.21,151.17,43.21,151.17,43.21,43.21,87.22,43.78,7.48,7.48,234.65,7.48,176.43,7.48,7.48,241.71,8.05,96.06,96.06,270.90,96.06,212.67,96.06,96.06,275.07,225.31,1.23,1.23,121.44,1.23,121.44,1.23,1.23,161.81,2.37,9.08,364.76,227.50,150.96,364.76,19.77,366.27
416.94,9.77,416.94,9.77,9.77,223.67,11.96,140.62,140.62,278.82,140.62,278.82,140.62,140.62,33.88,142.80,4.73,4.73,213.44,4.73,273.74,4.73,4.73,105.49,6.91,70.96,70.96,108.00,70.96,168.30,70.96,70.96,333.52,165.63,4.74,4.74,171.04,4.74,171.04,4.74,4.74,75.98,9.12,9.77,61.75,150.73,198.00,61.75,18.29,61.96
463.39,12.57,463.39,12.57,12.57,52.96,16.20,304.19,206.70,747.18,206.70,747.18,206.70,206.70,41.59,210.33,102.33,4.84,1085.72,4.84,338.65,4.84,4.84,742.54,8.47,202.85,105.35,918.27,105.35,171.20,105.35,105.35,175.06,245.72,105.35,7.86,238.09,7.86,238.09,7.86,7.86,80.51,15.12,110.06,10.13,95.32,201.33,10.13,17.48,10.22
445.65,2.75,445.65,2.75,2.75,220.42,3.55,178.22,168.48,364.66,168.48,364.66,168.48,168.48,66.75,169.28,16.50,6.76,299.16,6.76,303.54,6.76,6.76,176.64,7.56,21.22,11.48,197.19,11.48,201.56,11.48,11.48,423.83,26.58,11.48,1.73,233.25,1.73,233.25,1.73,1.73,136.66,3.34,12.49,65.26,102.78,108.14,65.26,21.78,66.36
90.02,21.86,90.02,21.86,21.86,14.39,4.30,137.92,137.92,225.75,137.92,225.75,137.92,137.92,164.02,120.36,25.57,25.57,189.33,25.57,255.48,25.57,25.57,218.09,8.01,37.55,37.55,224.69,37.55,290.83,37.55,37.55,488.32,45.30,19.41,19.41,273.64,19.41,273.64,19.41,19.41,309.91,2.44,21.86,40.27,348.66,80.21,40.27,38.03,40.86
111.84,6.61,111.84,6.61,6.61,31.81,6.92,51.30,51.30,240.54,51.30,240.54,51.30,51.30,67.47,51.60,8.51,8.51,205.93,8.51,188.80,8.51,8.51,188.73,8.81,50.70,50.70,214.56,50.70,197.43,50.70,50.70,224.54,118.91,0.66,0.66,110.57,0.66,110.57,0.66,0.66,125.27,1.27,6.61,233.58,326.02,173.85,233.58,64.28,237.43
149.18,6.75,149.18,6.75,6.75,56.42,7.15,106.31,106.31,173.33,55.82,173.33,55.82,55.82,7.47,56.22,58.61,58.61,200.72,8.12,426.63,8.12,8.12,125.95,8.52,101.84,101.84,146.75,51.35,372.67,51.35,51.35,86.18,120.40,51.35,51.35,56.82,0.86,56.82,0.86,0.86,22.29,1.66,57.24,150.96,136.19,144.68,150.96,108.79,151.95
80.65,69.34,80.65,69.34,69.34,27.29,153.31,153.14,153.14,176.39,153.14,176.39,153.14,153.14,45.76,237.11,66.73,66.73,113.78,66.73,483.01,66.73,66.73,66.89,150.70,124.56,124.56,60.41,124.56,429.64,124.56,124.56,157.47,292.50,63.61,63.61,128.34,63.61,128.34,63.61,63.61,84.42,148.80,69.34,198.00,312.20,175.17,198.00,84.33,201.27
454.99,6.02,454.99,6.02,6.02,127.46,8.53,236.05,218.34,484.61,218.34,484.61,218.34,218.34,14.96,220.84,22.33,4.62,715.22,4.62,614.03,4.62,4.62,415.02,7.13,40.85,23.14,511.69,23.14,410.50,23.14,23.14,182.30,53.19,23.14,5.44,227.70,5.44,227.70,5.44,5.44,39.88,10.45,23.73,201.33,256.74,129.94,201.33,22.68,204.28
332.40,4.01,332.40,4.01,4.01,61.61,5.86,220.22,220.22,291.59,220.22,291.59,220.22,220.22,21.04,222.07,4.95,4.95,644.96,4.95,616.89,4.95,4.95,366.90,6.80,13.40,13.40,442.06,13.40,413.99,13.40,13.40,128.01,30.62,4.01,4.01,233.54,4.01,233.54,4.01,4.01,45.36,7.71,4.01,108.14,200.62,142.44,108.14,26.05,232.62
612.46,1.36,612.46,1.36,1.36,278.27,2.48,376.03,376.03,267.29,376.03,267.29,376.03,376.03,17.34,377.15,5.99,5.99,442.19,5.99,776.52,5.99,5.99,83.76,7.11,1.97,1.97,84.10,1.97,418.42,1.97,1.97,343.36,4.12,2.42,2.42,391.53,2.42,391.53,2.42,2.42,47.75,4.66,1.36,80.21,67.71,79.91,80.21,121.00,80.61
572.58,9.76,572.58,9.76,9.76,342.41,11.15,89.41,89.41,354.47,89.41,354.47,89.41,89.41,63.67,90.80,5.50,5.50,185.74,5.50,493.94,5.50,5.50,151.74,6.89,90.28,90.28,161.18,90.28,469.38,90.28,90.28,538.40,211.35,3.01,3.01,151.24,3.01,151.24,3.01,3.01,132.32,5.79,9.76,189.50,203.59,86.71,173.85,26.97,175.34
56.08,46.76,56.08,46.76,46.76,21.02,6.02,97.39,97.39,162.32,97.39,162.32,97.39,97.39,37.48,56.64,49.82,49.82,87.25,49.82,470.89,49.82,49.82,63.51,9.08,82.43,82.43,59.70,82.43,443.34,82.43,82.43,127.03,97.25,41.46,41.46,84.79,41.46,84.79,41.46,41.46,68.53,0.95,46.76,144.68,378.70,56.35,144.68,75.23,145.64
329.44,56.28,329.44,7.81,7.81,134.72,9.25,161.00,161.00,460.08,161.00,460.08,112.53,112.53,14.47,113.96,53.90,53.90,358.42,53.90,537.72,5.43,5.43,212.32,6.86,100.05,100.05,259.25,100.05,438.54,51.58,51.58,188.59,120.46,51.58,51.58,122.78,51.58,122.78,3.11,3.11,39.40,5.98,56.28,175.17,211.26,43.21,175.17,100.56,177.67
365.65,9.45,365.65,9.45,9.45,224.59,9.79,146.66,146.66,198.98,25.73,198.98,25.73,25.73,52.86,26.07,129.28,129.28,111.93,8.35,456.49,8.35,8.35,135.03,8.69,242.61,242.61,138.37,121.68,482.93,121.68,121.68,388.14,285.57,121.68,121.68,77.15,0.74,77.15,0.74,0.74,110.68,1.43,130.38,129.94,493.77,140.62,129.94,55.19,132.22
126.83,2.68,126.83,2.68,2.68,39.98,2.82,124.59,109.80,61.16,109.80,61.16,109.80,109.80,155.09,109.93,24.10,9.31,183.08,9.31,571.65,9.31,9.31,222.23,9.44,29.87,15.08,221.30,15.08,609.88,15.08,15.08,491.87,35.34,15.08,0.28,257.54,0.28,257.54,0.28,0.28,296.80,0.55,17.48,142.44,314.90,206.70,142.44,55.05,143.95
294.08,6.11,294.08,6.11,6.11,40.39,10.73,414.91,414.91,240.10,413.92,240.10,413.92,413.92,10.96,418.54,6.46,6.46,533.29,5.48,881.33,5.48,5.48,117.37,10.09,11.97,11.97,128.15,10.99,476.20,10.99,10.99,77.47,23.67,10.99,10.99,412.71,10.00,412.71,10.00,10.00,26.12,19.24,7.09,107.20,117.56,168.48,79.91,84.86,144.37
1175.26,13.30,1175.26,13.30,13.30,678.64,17.00,204.84,204.84,738.69,204.84,738.69,204.84,204.84,37.62,208.54,4.87,4.87,473.33,4.87,674.53,4.87,4.87,260.91,8.57,139.16,139.16,310.11,139.16,511.31,139.16,139.16,800.91,325.06,8.01,8.01,238.45,8.01,238.45,8.01,8.01,84.65,15.40,13.30,86.71,731.47,137.92,86.71,13.29,88.24
194.40,49.20,194.40,49.20,49.20,80.80,8.02,142.83,142.83,166.57,142.83,166.57,142.83,142.83,28.05,101.64,48.32,48.32,202.36,48.32,579.78,48.32,48.32,117.14,7.13,86.92,86.92,126.38,86.92,503.80,86.92,86.92,168.15,104.33,44.65,44.65,122.75,44.65,122.75,44.65,44.65,59.30,4.55,49.20,56.35,65.06,51.30,56.35,21.90,439.87
484.62,0.73,484.62,0.73,0.73,164.43,1.07,267.16,267.16,330.49,265.61,330.49,265.61,265.61,46.82,265.95,9.92,9.92,614.56,8.37,764.85,8.37,8.37,329.67,8.70,3.83,3.83,394.17,2.28,544.46,2.28,2.28,309.11,5.20,2.28,2.28,310.10,0.73,310.10,0.73,0.73,97.86,1.41,2.28,43.21,151.17,55.82,43.21,87.22,43.78
81.82,9.39,81.82,9.39,9.39,21.04,10.08,48.35,48.35,98.19,48.35,98.19,48.35,48.35,9.30,49.04,7.08,7.08,168.64,7.08,562.13,7.08,7.08,110.28,7.77,102.18,102.18,121.50,102.18,514.98,102.18,102.18,51.07,239.63,1.50,1.50,48.05,1.50,48.05,1.50,1.50,20.72,2.89,9.39,140.62,278.82,153.14,140.62,33.88,142.80
216.83,1.84,216.83,1.84,1.84,19.25,3.29,348.50,348.50,125.52,348.67,125.52,348.67,348.67,11.20,350.12,5.24,5.24,432.46,5.41,863.76,5.41,5.41,82.97,6.86,2.80,2.80,87.54,2.97,518.84,2.97,2.97,53.95,6.31,2.97,2.97,349.27,3.14,349.27,3.14,3.14,23.50,6.04,1.67,206.70,747.18,218.34,206.70,41.59,210.33
166.16,16.37,166.16,5.43,5.43,14.20,8.23,268.90,268.90,167.27,268.90,167.27,257.96,257.96,13.88,260.76,15.54,15.54,350.77,15.54,774.64,4.61,4.61,93.76,7.40,27.93,27.93,100.17,27.93,524.05,17.00,17.00,55.09,38.63,17.00,17.00,259.27,17.00,259.27,6.06,6.06,27.01,11.66,16.37,168.48,364.66,220.22,168.48,66.75,169.28
119.95,5.61,119.95,0.99,0.99,16.26,1.09,191.54,191.54,262.03,191.54,262.03,186.92,186.92,12.42,187.02,14.11,14.11,236.30,14.11,734.43,9.49,9.49,50.41,9.58,9.45,9.45,52.57,9.45,550.70,4.83,4.83,53.65,11.30,4.83,4.83,189.90,4.83,189.90,0.21,0.21,24.98,0.40,5.61,137.92,225.75,376.03,137.92,164.02,120.36
166.85,10.21,166.85,10.21,10.21,35.51,12.33,209.63,132.50,207.58,132.50,207.58,132.50,132.50,80.69,134.63,81.88,4.76,313.86,4.76,714.58,4.76,4.76,229.52,6.89,158.86,81.74,256.79,81.74,657.51,81.74,81.74,267.10,190.95,81.74,4.61,203.33,4.61,203.33,4.61,4.61,150.89,8.87,87.33,51.30,240.54,89.41,51.30,67.47,51.60
776.86,11.24,776.86,11.24,11.24,346.30,18.68,486.86,486.86,537.93,486.86,537.93,486.86,486.86,27.90,494.29,8.13,8.13,586.13,8.13,1130.21,8.13,8.13,126.07,15.56,27.58,27.58,134.92,27.58,679.00,27.58,27.58,440.90,61.33,16.11,16.11,506.39,16.11,506.39,16.11,16.11,66.70,30.98,11.24,55.82,173.33,97.39,55.82,7.47,56.22
268.29,4.20,268.29,4.20,4.20,93.52,6.12,229.65,219.58,183.39,219.58,183.39,219.58,219.58,40.80,221.49,14.97,4.90,307.10,4.90,869.26,4.90,4.90,121.45,6.81,24.31,14.23,126.31,14.23,688.47,14.23,14.23,217.34,32.53,14.23,4.15,254.21,4.15,254.21,4.15,4.15,83.02,7.99,14.28,153.14,176.39,112.53,153.14,45.76,237.11
100.90,5.94,100.90,5.94,5.94,24.17,7.16,153.85,123.58,375.61,123.58,375.61,123.58,123.58,28.00,124.80,36.06,5.79,173.63,5.79,778.32,5.79,5.79,67.88,7.01,63.18,32.91,70.82,32.91,675.51,32.91,32.91,104.62,76.72,32.91,2.64,141.71,2.64,141.71,2.64,2.64,52.45,5.08,36.21,218.34,484.61,25.73,218.34,14.96,220.84
132.24,21.63,132.24,4.31,4.31,41.02,5.47,168.69,168.69,163.09,168.69,163.09,151.37,151.37,25.39,152.53,23.23,23.23,174.21,23.23,867.17,5.91,5.91,49.25,7.07,37.15,37.15,42.36,37.15,735.32,19.83,19.83,116.81,46.04,19.83,19.83,168.38,19.83,168.38,2.51,2.51,50.41,4.83,21.63,220.22,291.59,109.80,220.22,21.04,222.07
355.01,23.81,355.01,23.81,23.81,140.34,3.54,109.11,109.11,311.72,109.11,311.72,109.11,109.11,63.17,88.85,29.79,29.79,421.19,29.79,814.67,29.79,29.79,331.60,9.53,40.98,40.98,393.22,40.98,786.70,40.98,40.98,330.76,48.35,20.61,20.61,149.27,20.61,149.27,20.61,20.61,127.24,0.46,23.81,376.03,267.29,413.92,376.03,17.34,377.15
287.47,2.80,287.47,2.80,2.80,42.82,4.63,288.02,288.02,383.86,288.02,383.86,288.02,288.02,33.75,289.86,4.96,4.96,563.54,4.96,1072.61,4.96,4.96,251.47,6.80,6.27,6.27,304.26,6.27,813.34,6.27,6.27,141.79,13.87,3.98,3.98,312.79,3.98,312.79,3.98,3.98,65.23,7.66,2.80,89.41,354.47,204.84,89.41,63.67,90.80
218.62,5.04,218.62,5.04,5.04,80.55,6.25,138.90,138.90,218.19,138.90,218.19,138.90,138.90,18.16,140.11,5.81,5.81,257.03,5.81,1020.54,5.81,5.81,117.35,7.02,25.13,25.13,132.91,25.13,896.43,25.13,25.13,140.95,58.46,2.61,2.61,151.08,2.61,151.08,2.61,2.61,42.24,5.03,5.04,97.39,162.32,142.83,97.39,37.48,56.64
162.31,5.15,162.31,5.15,5.15,11.27,7.70,255.62,244.43,228.52,244.43,228.52,244.43,244.43,37.68,246.98,15.81,4.62,359.96,4.62,380.67,4.62,4.62,130.43,7.16,27.89,16.70,146.10,16.70,166.82,16.70,16.70,116.07,38.05,16.70,5.51,269.50,5.51,269.50,5.51,5.51,67.11,10.60,16.34,161.00,460.08,265.61,112.53,14.47,113.96
234.85,6.16,234.85,6.16,6.16,82.98,8.58,227.56,207.86,285.54,207.86,285.54,207.86,207.86,21.40,210.28,24.34,4.65,260.80,4.65,346.11,4.65,4.65,70.18,7.06,44.62,24.92,72.38,24.92,157.69,24.92,24.92,152.33,57.41,24.92,5.23,222.08,5.23,222.08,5.23,5.23,47.95,10.05,25.86,25.73,198.98,48.35,25.73,52.86,26.07
66.95,64.13,66.95,64.13,6.99,28.30,7.20,97.95,97.95,51.49,97.95,51.49,97.95,40.81,26.18,41.02,66.06,66.06,93.02,66.06,185.90,66.06,8.92,75.98,9.13,114.74,114.74,70.44,114.74,163.33,114.74,57.60,104.44,135.16,57.60,57.60,58.58,57.60,58.58,57.60,0.46,49.96,0.88,64.13,109.80,61.16,348.67,109.80,155.09,109.93
177.54,6.72,177.54,6.72,6.72,10.59,6.77,88.85,32.95,469.31,32.95,469.31,32.95,32.95,76.84,33.00,65.64,9.74,513.31,9.74,178.77,9.74,9.74,452.06,9.79,111.89,56.00,547.31,56.00,212.77,56.00,56.00,226.47,131.47,56.00,0.10,99.80,0.10,99.80,0.10,0.10,139.05,0.20,62.61,413.92,240.10,257.96,413.92,10.96,418.54
239.54,36.79,239.54,36.79,36.79,83.24,11.23,255.19,255.19,276.37,255.19,276.37,255.19,255.19,61.41,229.63,33.36,33.36,264.81,33.36,371.12,33.36,33.36,100.68,7.80,64.22,64.22,98.58,64.22,204.89,64.22,64.22,264.77,81.95,35.51,35.51,279.93,35.51,279.93,35.51,35.51,120.12,13.09,36.79,204.84,738.69,186.92,204.84,37.62,208.54
291.73,4.39,291.73,4.39,4.39,122.91,52.27,152.84,133.04,187.74,133.04,187.74,133.04,133.04,38.39,180.93,26.17,6.37,287.65,6.37,280.35,6.37,6.37,171.90,54.25,41.66,21.86,191.01,21.86,183.71,21.86,21.86,241.90,97.83,21.86,2.06,167.38,2.06,167.38,2.06,2.06,80.60,50.89,24.19,142.83,166.57,132.50,142.83,28.05,101.64
186.39,7.80,186.39,7.80,7.80,12.61,9.04,100.12,100.12,241.73,100.12,241.73,100.12,100.12,33.63,101.37,5.74,5.74,497.19,5.74,248.07,5.74,5.74,351.24,6.99,54.02,54.02,422.33,54.02,173.22,54.02,54.02,106.48,126.27,2.70,2.70,122.70,2.70,122.70,2.70,2.70,60.24,5.19,7.80,265.61,330.49,486.86,265.61,46.82,265.95
392.72,4.02,392.72,4.02,4.02,209.67,4.95,140.07,140.07,406.43,140.07,406.43,140.07,140.07,15.37,141.00,6.42,6.42,201.94,6.42,289.42,6.42,6.42,71.63,7.35,19.27,19.27,77.00,19.27,164.48,19.27,19.27,268.37,44.82,2.01,2.01,153.19,2.01,153.19,2.01,2.01,43.32,3.87,4.02,48.35,98.19,219.58,48.35,9.30,49.04
310.44,1.86,310.44,1.86,1.86,119.69,2.50,201.98,201.98,198.48,196.40,198.48,196.40,196.40,4.50,197.05,12.80,12.80,326.36,7.23,346.60,7.23,7.23,115.61,7.87,12.55,12.55,132.04,6.97,152.29,6.97,6.97,146.41,16.08,6.97,6.97,197.08,1.40,197.08,1.40,1.40,22.22,2.69,7.43,348.67,125.52,123.58,348.67,11.20,350.12
79.84,2.20,79.84,2.20,2.20,18.70,2.26,119.39,119.39,29.57,119.39,29.57,119.39,119.39,48.34,119.45,9.66,9.66,138.01,9.66,270.95,9.66,9.66,71.52,9.72,12.27,12.27,57.95,12.27,190.89,12.27,12.27,154.69,28.79,0.14,0.14,158.58,0.14,158.58,0.14,0.14,87.64,0.27,2.20,268.90,167.27,151.37,257.96,13.88,260.76
119.34,7.12,119.34,7.12,7.12,24.56,15.21,175.92,175.92,220.32,175.92,220.32,175.92,175.92,136.76,184.01,15.37,15.37,203.27,15.37,322.72,15.37,15.37,163.83,23.47,12.01,12.01,161.59,12.01,281.04,12.01,12.01,419.33,28.20,6.11,6.11,298.15,6.11,298.15,6.11,6.11,258.02,14.30,7.12,191.54,262.03,109.11,186.92,12.42,187.02
98.89,10.79,98.89,10.79,10.79,43.20,12.34,90.09,90.09,195.21,90.09,195.21,90.09,90.09,178.42,91.63,5.28,5.28,94.84,5.28,241.37,5.28,5.28,188.52,6.82,125.50,125.50,177.88,125.50,324.42,125.50,125.50,565.19,293.98,3.34,3.34,259.88,3.34,259.88,3.34,3.34,343.58,6.43,10.79,132.50,207.58,288.02,132.50,80.69,134.63
701.76,4.94,701.76,4.94,4.94,417.22,6.43,182.25,163.33,335.13,163.33,335.13,163.33,163.33,106.69,164.83,24.26,5.34,210.19,5.34,316.68,5.34,5.34,161.31,6.84,41.06,22.15,155.02,22.15,261.50,22.15,22.15,739.36,51.33,22.15,3.24,268.25,3.24,268.25,3.24,3.24,215.45,6.23,23.85,486.86,537.93,138.90,486.86,27.90,494.29
271.81,1.97,271.81,1.97,1.97,102.83,2.13,146.42,146.42,284.23,136.42,284.23,136.42,136.42,67.64,136.57,19.21,19.21,316.15,9.21,291.89,9.21,9.21,212.61,9.36,20.33,20.33,243.82,10.33,219.56,10.33,10.33,303.89,24.18,10.33,10.33,200.18,0.33,200.18,0.33,0.33,133.42,0.63,11.97,219.58,183.39,244.43,219.58,40.80,221.49
320.50,1.07,320.50,1.07,1.07,141.02,1.30,204.48,204.48,136.57,200.39,136.57,200.39,200.39,79.94,200.63,12.91,12.91,258.87,8.82,358.25,8.82,8.82,139.06,9.06,8.68,8.68,136.17,4.60,235.55,4.60,4.60,380.09,10.68,4.60,4.60,277.58,0.51,277.58,0.51,0.51,159.13,0.97,5.16,123.58,375.61,207.86,123.58,28.00,124.80
248.02,5.75,248.02,5.75,5.75,55.59,9.06,293.44,293.44,268.94,293.44,268.94,293.44,293.44,26.68,296.75,4.71,4.71,383.84,4.71,449.73,4.71,4.71,104.76,8.02,15.99,15.99,114.57,15.99,180.46,15.99,15.99,136.68,36.02,7.17,7.17,310.43,7.17,310.43,7.17,7.17,54.41,13.80,5.75,168.69,163.09,97.95,151.37,25.39,152.53
224.91,4.97,224.91,4.97,4.97,67.90,7.17,219.74,219.74,406.27,219.74,406.27,219.74,219.74,32.52,221.94,4.72,4.72,293.98,4.72,382.55,4.72,4.72,94.87,6.92,17.65,17.65,103.79,17.65,192.35,17.65,17.65,166.37,40.43,4.76,4.76,244.53,4.76,244.53,4.76,4.76,65.96,9.15,4.97,109.11,311.72,32.95,109.11,63.17,88.85
454.22,10.57,454.22,10.57,10.57,134.43,16.43,380.66,380.66,471.06,380.66,471.06,380.66,380.66,43.02,386.52,6.56,6.56,602.37,6.56,539.59,6.56,6.56,228.46,12.41,34.28,34.28,268.39,34.28,205.62,34.28,34.28,267.06,77.79,12.70,12.70,414.66,12.70,414.66,12.70,12.70,89.61,24.41,10.57,288.02,383.86,255.19,288.02,33.75,289.86
254.47,62.53,254.47,62.53,62.53,77.14,10.97,195.67,195.67,335.49,195.67,335.49,195.67,195.67,82.04,144.11,58.41,58.41,379.04,58.41,309.23,58.41,58.41,273.05,6.86,111.73,111.73,316.43,111.73,246.61,111.73,111.73,317.82,135.49,58.11,58.11,216.98,58.11,216.98,58.11,58.11,158.64,8.62,62.53,138.90,218.19,133.04,138.90,18.16,140.11
367.23,30.71,367.23,30.71,30.71,138.67,10.89,266.86,266.86,447.55,266.86,447.55,266.86,266.86,24.27,247.04,27.79,27.79,389.52,27.79,412.41,27.79,27.79,145.84,7.97,53.28,53.28,171.01,53.28,193.90,53.28,53.28,219.32,69.37,30.18,30.18,261.93,30.18,261.93,30.18,30.18,56.38,13.63,30.71,244.43,228.52,100.12,244.43,37.68,246.98
486.36,4.33,486.36,4.33,4.33,186.04,6.07,199.47,199.47,406.69,199.47,406.69,199.47,199.47,95.18,201.21,5.05,5.05,557.87,5.05,370.93,5.05,5.05,386.67,6.79,16.15,16.15,453.88,16.15,266.95,16.15,16.15,471.50,37.12,3.77,3.77,291.19,3.77,291.19,3.77,3.77,190.28,7.25,4.33,207.86,285.54,140.07,207.86,21.40,210.28
256.06,7.42,256.06,7.42,7.42,24.68,8.62,101.43,101.43,297.23,101.43,297.23,101.43,101.43,29.38,102.63,5.83,5.83,647.75,5.83,276.95,5.83,5.83,468.99,7.03,49.50,49.50,568.49,49.50,197.69,49.50,49.50,108.99,115.68,2.60,2.60,121.01,2.60,121.01,2.60,2.60,54.93,4.99,7.42,97.95,51.49,196.40,40.81,26.18,41.02
285.08,6.79,285.08,6.79,6.79,14.40,11.28,365.20,365.20,422.80,365.20,422.80,365.20,365.20,83.24,369.69,5.38,5.38,653.87,5.38,540.24,5.38,5.38,311.89,9.86,15.79,15.79,367.25,15.79,253.62,15.79,15.79,249.66,35.00,9.72,9.72,434.06,9.72,434.06,9.72,9.72,152.02,18.69,6.79,32.95,469.31,119.39,32.95,76.84,33.00
241.71,14.71,241.71,14.71,14.71,75.99,19.63,270.03,270.03,425.72,270.03,425.72,270.03,270.03,64.74,274.95,5.72,5.72,283.60,5.72,448.37,5.72,5.72,84.57,10.63,146.92,146.92,78.72,146.92,243.49,146.92,146.92,266.44,342.74,10.66,10.66,324.53,10.66,324.53,10.66,10.66,125.70,20.49,14.71,255.19,276.37,175.92,255.19,61.41,229.63
193.87,1.50,193.87,1.50,1.50,43.25,1.81,177.41,177.41,103.18,177.41,103.18,177.41,177.41,115.31,177.71,8.50,8.50,335.18,8.50,361.30,8.50,8.50,248.28,8.81,6.66,6.66,266.47,6.66,292.58,6.66,6.66,377.57,15.51,0.66,0.66,285.43,0.66,285.43,0.66,0.66,219.00,1.27,1.50,133.04,187.74,90.09,133.04,38.39,180.93
523.79,3.18,523.79,3.18,3.18,280.69,4.23,175.62,175.62,311.49,175.62,311.49,175.62,175.62,4.34,176.67,6.14,6.14,265.79,6.14,359.27,6.14,6.14,86.60,7.19,12.78,12.78,95.04,12.78,188.52,12.78,12.78,311.04,29.53,2.27,2.27,178.21,2.27,178.21,2.27,2.27,26.02,4.37,3.18,100.12,241.73,163.33,100.12,33.63,101.37
315.02,12.52,315.02,12.52,12.52,159.15,15.08,324.27,324.27,305.72,140.16,305.72,140.16,140.16,83.95,142.73,188.72,188.72,193.09,4.62,322.41,4.62,4.62,136.34,7.18,373.77,373.77,137.58,189.66,266.90,189.66,189.66,410.75,444.18,189.66,189.66,219.26,5.55,219.26,5.55,5.55,167.64,10.68,196.63,140.07,406.43,136.42,140.07,15.37,141.00
865.33,7.73,865.33,7.73,7.73,498.18,11.64,289.65,289.65,513.79,289.65,513.79,289.65,289.65,46.06,293.56,4.99,4.99,286.52,4.99,473.89,4.99,4.99,60.64,8.90,26.12,26.12,47.10,26.12,234.47,26.12,26.12,644.20,59.54,8.47,8.47,331.41,8.47,331.41,8.47,8.47,99.96,16.28,7.73,196.40,198.48,200.39,196.40,4.50,197.05
194.59,22.97,194.59,22.97,22.97,77.41,4.57,139.26,139.26,113.13,139.26,113.13,139.26,139.26,9.92,120.87,26.26,26.26,208.35,26.26,308.99,26.26,26.26,90.83,7.86,39.50,39.50,93.92,39.50,194.56,39.50,39.50,115.56,47.74,20.46,20.46,124.59,20.46,124.59,20.46,20.46,28.23,2.71,22.97,119.39,29.57,293.44,119.39,48.34,119.45
387.40,2.94,387.40,2.94,2.94,194.58,4.19,212.78,205.32,328.72,205.32,328.72,205.32,205.32,93.62,206.57,13.19,5.73,220.10,5.73,394.38,5.73,5.73,115.39,6.98,17.63,10.17,108.31,10.17,282.59,10.17,10.17,475.71,23.30,10.17,2.71,296.14,2.71,296.14,2.71,2.71,187.51,5.21,10.40,175.92,220.32,219.74,175.92,136.76,184.01
271.63,9.75,271.63,9.75,9.75,144.26,11.82,132.67,132.67,372.08,132.67,372.08,132.67,132.67,77.28,134.73,4.79,4.79,132.66,4.79,322.26,4.79,4.79,87.19,6.86,73.19,73.19,77.09,73.19,266.69,73.19,73.19,375.73,170.93,4.47,4.47,205.29,4.47,205.29,4.47,4.47,154.19,8.60,9.75,90.09,195.21,380.66,90.09,178.42,91.63
480.38,1.39,480.38,1.39,1.39,198.32,2.13,256.16,256.16,243.56,253.93,243.56,253.93,253.93,25.14,254.68,9.14,9.14,457.97,6.92,445.18,6.92,6.92,199.21,7.66,6.07,6.07,228.58,3.84,215.80,3.84,3.84,283.38,8.68,3.84,3.84,276.87,1.62,276.87,1.62,1.62,59.92,3.11,3.61,163.33,335.13,195.67,163.33,106.69,164.83
451.21,2.79,451.21,2.79,2.79,238.46,3.65,181.94,181.94,228.67,172.39,228.67,172.39,172.39,6.93,173.24,16.16,16.16,234.66,6.60,367.30,6.60,6.60,70.19,7.46,20.96,20.96,69.20,11.41,201.84,11.41,11.41,275.12,26.40,11.41,11.41,177.46,1.86,177.46,1.86,1.86,29.74,3.57,12.34,136.42,284.23,266.86,136.42,67.64,136.57
332.09,3.00,332.09,3.00,3.00,186.02,3.35,119.39,119.39,277.46,119.39,277.46,119.39,119.39,38.05,119.74,8.31,8.31,134.45,8.31,315.12,8.31,8.31,59.42,8.66,15.84,15.84,51.90,15.84,232.58,15.84,15.84,306.64,37.03,0.76,0.76,155.47,0.76,155.47,0.76,0.76,82.57,1.46,3.00,200.39,136.57,199.47,200.39,79.94,200.63
512.85,3.83,512.85,3.83,3.83,233.29,4.07,90.81,90.81,395.00,90.81,395.00,90.81,90.81,17.48,91.06,8.76,8.76,482.70,8.76,287.08,8.76,8.76,334.99,9.01,22.66,22.66,408.66,22.66,213.04,22.66,22.66,298.16,53.09,0.54,0.54,107.05,0.54,107.05,0.54,0.54,47.38,1.03,3.83,293.44,268.94,101.43,293.44,26.68,296.75
122.97,40.47,122.97,40.47,40.47,51.35,5.29,94.16,94.16,83.70,94.16,83.70,94.16,94.16,13.77,58.98,44.62,44.62,143.95,44.62,256.45,44.62,44.62,89.63,9.44,70.91,70.91,92.64,70.91,205.14,70.91,70.91,97.15,83.53,35.60,35.60,66.10,35.60,66.10,35.60,35.60,32.03,0.55,40.47,219.74,406.27,365.20,219.74,32.52,221.94
480.01,3.71,480.01,3.71,3.71,194.76,6.17,301.45,301.45,310.18,301.45,310.18,301.45,301.45,26.44,303.91,4.63,4.63,449.69,4.63,500.05,4.63,4.63,155.39,7.09,8.32,8.32,175.89,8.32,226.25,8.32,8.32,283.32,18.40,5.32,5.32,323.78,5.32,323.78,5.32,5.32,62.11,10.24,3.71,380.66,471.06,270.03,380.66,43.02,386.52
330.10,7.29,330.10,7.29,7.29,204.46,7.55,101.86,101.86,162.27,40.73,162.27,40.73,40.73,99.10,40.99,69.83,69.83,86.38,8.70,245.29,8.70,8.70,150.64,8.96,122.82,122.82,143.72,61.69,302.63,61.69,61.69,501.97,144.75,61.69,61.69,138.24,0.56,138.24,0.56,0.56,198.41,1.09,68.42,195.67,335.49,177.41,195.67,82.04,144.11
459.82,53.98,459.82,53.98,53.98,75.87,12.10,237.38,237.38,540.20,237.38,540.20,237.38,237.38,12.56,195.50,49.37,49.37,976.08,49.37,396.39,49.37,49.37,642.55,7.50,95.77,95.77,794.22,95.77,214.54,95.77,95.77,120.87,118.45,51.01,51.01,197.13,51.01,197.13,51.01,51.01,32.44,12.01,53.98,266.86,447.55,175.62,266.86,24.27,247.04
184.61,5.72,184.61,5.72,5.72,89.74,102.52,52.35,52.35,110.71,52.35,110.71,52.35,52.35,53.13,149.15,9.20,9.20,155.87,9.20,259.83,9.20,9.20,145.90,106.00,41.46,41.46,152.57,41.46,256.52,41.46,41.46,248.15,193.94,0.33,0.33,101.06,0.33,101.06,0.33,0.33,105.28,97.29,5.72,199.47,406.69,140.16,199.47,95.18,201.21
346.99,9.35,346.99,9.35,9.35,191.31,9.48,13.09,13.09,269.89,13.09,269.89,13.09,13.09,44.87,13.22,9.32,9.32,208.79,9.32,225.71,9.32,9.32,207.23,9.45,129.67,129.67,239.21,129.67,256.13,129.67,129.67,331.33,304.43,0.28,0.28,56.32,0.28,56.32,0.28,0.28,95.14,0.54,9.35,101.43,297.23,289.65,101.43,29.38,102.63
460.73,1.24,460.73,1.24,1.24,169.88,1.97,270.56,270.56,357.80,270.56,357.80,270.56,270.56,85.69,271.29,6.98,6.98,516.44,6.98,482.88,6.98,6.98,285.27,7.70,3.17,3.17,330.49,3.17,296.93,3.17,3.17,426.97,7.10,1.57,1.57,353.61,1.57,353.61,1.57,1.57,171.40,3.02,1.24,365.20,422.80,139.26,365.20,83.24,369.69
467.98,5.52,467.98,5.52,5.52,58.26,10.54,637.91,637.91,325.87,637.91,325.87,637.91,637.91,29.98,642.93,5.81,5.81,860.08,5.81,851.22,5.81,5.81,216.50,10.83,5.83,5.83,251.66,5.83,242.81,5.83,5.83,148.70,11.37,10.89,10.89,656.51,10.89,656.51,10.89,10.89,60.47,20.94,5.52,270.03,425.72,205.32,270.03,64.74,274.95
77.62,7.47,77.62,7.47,7.47,20.66,8.65,99.35,99.35,119.85,99.35,119.85,99.35,99.35,61.86,100.53,5.87,5.87,132.65,5.87,320.94,5.87,5.87,93.54,7.05,50.52,50.52,87.54,50.52,275.84,50.52,50.52,195.39,118.09,2.55,2.55,151.05,2.55,151.05,2.55,2.55,112.87,4.90,7.47,177.41,103.18,132.67,177.41,115.31,177.71
119.59,2.91,119.59,2.91,2.91,34.01,2.96,97.00,97.00,69.51,97.00,69.51,97.00,97.00,10.75,97.05,9.72,9.72,195.78,9.72,324.56,9.72,9.72,96.36,9.77,17.13,17.13,101.90,17.13,230.68,17.13,17.13,69.69,40.19,0.11,0.11,100.00,0.11,100.00,0.11,0.11,24.93,0.22,2.91,175.62,311.49,253.93,175.62,4.34,176.67
309.06,5.44,309.06,5.44,5.44,100.22,7.72,214.06,214.06,350.44,214.06,350.44,214.06,214.06,15.95,216.34,4.69,4.69,402.01,4.69,439.64,4.69,4.69,169.31,6.97,20.39,20.39,202.55,20.39,240.19,20.39,20.39,156.13,46.84,4.94,4.94,223.72,4.94,223.72,4.94,4.94,39.96,9.50,5.44,140.16,305.72,172.39,140.16,83.95,142.73
184.83,3.91,184.83,3.91,3.91,54.86,5.67,215.16,215.16,140.48,215.16,140.48,215.16,215.16,7.02,216.91,5.04,5.04,235.96,5.04,452.00,5.04,5.04,33.76,6.79,13.31,13.31,23.59,13.31,239.63,13.31,13.31,83.29,30.45,3.81,3.81,214.13,3.81,214.13,3.81,3.81,21.41,7.32,3.91,289.65,513.79,119.39,289.65,46.06,293.56
371.44,4.35,371.44,4.35,4.35,39.55,5.71,166.62,166.62,469.81,166.62,469.81,166.62,166.62,13.72,167.98,5.55,5.55,891.20,5.55,404.39,5.55,5.55,591.08,6.91,18.78,18.78,732.53,18.78,245.72,18.78,18.78,83.78,43.46,2.94,2.94,171.63,2.94,171.63,2.94,2.94,30.52,5.66,4.35,139.26,113.13,90.81,139.26,9.92,120.87
200.06,3.34,200.06,3.34,3.34,95.55,3.92,144.14,144.14,81.07,128.61,81.07,128.61,128.61,88.85,129.18,23.00,23.00,137.97,7.47,367.70,7.47,7.47,112.01,8.04,32.32,32.32,94.84,16.78,324.57,16.78,16.78,357.76,39.14,16.78,16.78,212.83,1.24,212.83,1.24,1.24,173.36,2.39,18.88,205.32,328.72,94.16,205.32,93.62,206.57
208.78,2.14,208.78,2.14,2.14,63.15,2.73,173.57,173.57,164.31,173.57,164.31,173.57,173.57,50.99,174.16,7.43,7.43,289.64,7.43,418.00,7.43,7.43,148.20,8.01,8.94,8.94,162.06,8.94,290.42,8.94,8.94,212.93,20.73,1.27,1.27,218.30,1.27,218.30,1.27,1.27,98.80,2.44,2.14,132.67,372.08,301.45,132.67,77.28,134.73
292.37,10.78,292.37,10.78,10.78,100.14,13.16,143.08,143.08,315.73,143.08,315.73,143.08,143.08,38.47,145.46,4.65,4.65,387.86,4.65,387.17,4.65,4.65,238.94,7.03,90.10,90.10,282.01,90.10,281.32,90.10,90.10,217.92,210.48,5.15,5.15,175.16,5.15,175.16,5.15,5.15,79.31,9.91,10.78,253.93,243.56,40.73,253.93,25.14,254.68
264.27,0.83,264.27,0.83,0.83,23.04,1.57,478.02,478.02,253.23,478.02,253.23,478.02,478.02,11.05,478.76,6.94,6.94,491.64,6.94,724.58,6.94,6.94,23.71,7.68,0.95,0.95,16.80,0.95,249.74,0.95,0.95,57.93,1.88,1.60,1.60,479.61,1.60,479.61,1.60,1.60,23.84,3.07,0.83,172.39,228.67,237.38,172.39,6.93,173.24
429.08,2.31,429.08,2.31,2.31,72.19,4.01,323.03,323.03,407.99,322.47,407.99,322.47,322.47,15.00,324.17,5.65,5.65,835.15,5.09,568.07,5.09,5.09,425.56,6.79,4.82,4.82,524.42,4.25,257.34,4.25,4.25,123.38,9.20,4.25,4.25,330.51,3.69,330.51,3.69,3.69,36.19,7.10,2.87,119.39,277.46,52.35,119.39,38.05,119.74
867.78,4.25,867.78,4.25,4.25,459.01,6.83,284.34,284.34,513.02,284.34,513.02,284.34,284.34,19.85,286.92,4.61,4.61,466.33,4.61,530.52,4.61,4.61,174.97,7.20,10.76,10.76,204.54,10.76,268.73,10.76,10.76,531.83,24.07,5.60,5.60,301.29,5.60,301.29,5.60,5.60,52.98,10.77,4.25,90.81,395.00,13.09,90.81,17.48,91.06
130.82,7.04,130.82,7.04,7.04,70.69,7.35,46.33,46.33,156.43,46.33,156.43,46.33,46.33,13.80,46.63,8.51,8.51,84.54,8.51,296.43,8.51,8.51,50.45,8.81,56.99,56.99,47.15,56.99,259.04,56.99,56.99,118.54,133.69,0.66,0.66,54.60,0.66,54.60,0.66,0.66,34.05,1.27,7.04,94.16,83.70,270.56,94.16,13.77,58.98
184.55,8.11,184.55,8.11,8.11,66.31,10.03,141.57,141.57,163.12,141.57,163.12,141.57,141.57,53.76,143.49,4.89,4.89,219.14,4.89,397.37,4.89,4.89,125.37,6.81,49.07,49.07,127.97,49.07,306.20,49.07,49.07,224.31,114.35,4.16,4.16,187.80,4.16,187.80,4.16,4.16,104.24,8.00,8.11,301.45,310.18,637.91,301.45,26.44,303.91
142.40,101.84,142.40,101.84,101.84,56.56,12.20,202.88,202.88,143.35,202.88,143.35,202.88,202.88,45.22,113.24,96.43,96.43,152.67,96.43,368.05,96.43,96.43,88.17,6.80,186.87,186.87,82.40,186.87,297.78,186.87,186.87,189.28,223.21,95.41,95.41,148.63,95.41,148.63,95.41,95.41,87.50,7.60,101.84,40.73,162.27,99.35,40.73,99.10,40.99
291.26,8.45,291.26,8.45,8.45,188.17,8.54,110.09,18.52,169.94,18.52,169.94,18.52,18.52,85.55,18.62,101.08,9.51,52.75,9.51,279.07,9.51,9.51,125.53,9.60,183.33,91.77,118.33,91.77,344.65,91.77,91.77,445.47,215.45,91.77,0.20,102.43,0.20,102.43,0.20,0.20,171.74,0.38,100.02,237.38,540.20,97.00,237.38,12.56,195.50
179.84,8.93,179.84,8.93,8.93,89.15,9.58,49.68,49.68,426.73,49.68,426.73,49.68,49.68,37.14,50.33,7.22,7.22,145.83,7.22,313.98,7.22,7.22,115.79,7.87,88.65,88.65,129.71,88.65,297.86,88.65,88.65,202.37,207.88,1.41,1.41,81.84,1.41,81.84,1.41,1.41,76.08,2.70,8.93,52.35,110.71,214.06,52.35,53.13,149.15
79.01,1.78,79.01,1.78,1.78,11.65,1.86,147.41,138.10,75.66,138.10,75.66,138.10,138.10,74.91,138.19,18.85,9.55,160.05,9.55,409.53,9.55,9.55,95.97,9.63,18.79,9.48,87.13,9.48,336.60,9.48,9.48,222.18,22.23,9.48,0.18,203.10,0.18,203.10,0.18,0.18,135.62,0.35,11.08,13.09,269.89,215.16,13.09,44.87,13.22
424.14,2.40,424.14,2.40,2.40,148.38,4.22,334.28,334.28,403.55,334.01,403.55,334.01,334.01,58.38,335.82,5.25,5.25,471.03,4.98,604.53,4.98,4.98,172.15,6.80,4.48,4.48,195.06,4.21,328.56,4.21,4.21,325.41,9.05,4.21,4.21,388.10,3.94,388.10,3.94,3.94,118.64,7.58,2.67,270.56,357.80,166.62,270.56,85.69,271.29
388.73,61.79,388.73,61.79,7.86,192.79,9.01,146.81,146.81,248.20,146.81,248.20,146.81,92.87,181.38,94.02,59.86,59.86,288.17,59.86,365.88,59.86,5.93,349.15,7.08,110.35,110.35,376.44,110.35,454.16,110.35,56.42,734.53,131.96,56.42,56.42,271.54,56.42,271.54,56.42,2.49,360.36,4.78,61.79,637.91,325.87,128.61,637.91,29.98,642.93
122.36,6.46,122.36,6.46,6.46,43.18,6.59,91.83,91.83,97.66,40.94,97.66,40.94,40.94,51.60,41.06,60.24,60.24,189.14,9.35,318.31,9.35,9.35,176.34,9.48,102.04,102.04,192.97,51.15,322.14,51.15,51.15,192.23,120.06,51.15,51.15,85.44,0.27,85.44,0.27,0.27,97.46,0.51,57.35,99.35,119.85,173.57,99.35,61.86,100.53
192.42,3.15,192.42,3.15,3.15,32.42,5.37,315.39,313.82,118.52,313.82,118.52,313.82,313.82,136.76,316.04,6.28,4.71,314.55,4.71,591.74,4.71,4.71,148.63,6.93,7.95,6.38,132.07,6.38,409.26,6.38,6.38,428.57,13.96,6.38,4.81,440.35,4.81,440.35,4.81,4.81,259.39,9.24,4.73,97.00,69.51,143.08,97.00,10.75,97.05
107.28,9.50,107.28,9.50,9.50,11.76,12.09,170.02,170.02,209.30,170.02,209.30,170.02,170.02,66.85,172.62,4.61,4.61,229.75,4.61,447.96,4.61,4.61,116.95,7.21,59.05,59.05,119.58,59.05,337.79,59.05,59.05,199.09,137.47,5.62,5.62,224.26,5.62,224.26,5.62,5.62,120.48,10.80,9.50,214.06,350.44,478.02,214.06,15.95,216.34
127.83,7.62,127.83,7.62,7.62,62.48,8.53,79.54,79.54,98.80,79.54,98.80,79.54,79.54,63.04,80.44,6.48,6.48,97.08,6.48,362.18,6.48,6.48,88.38,7.38,56.49,56.49,75.90,56.49,341.00,56.49,56.49,246.60,132.24,1.96,1.96,135.93,1.96,135.93,1.96,1.96,121.09,3.77,7.62,215.16,140.48,322.47,215.16,7.02,216.91
408.35,2.88,408.35,2.88,2.88,220.77,3.33,144.28,130.76,193.31,130.76,193.31,130.76,130.76,67.07,131.20,21.47,7.94,204.40,7.94,423.23,7.94,7.94,139.85,8.39,28.00,14.48,140.07,14.48,358.90,14.48,14.48,425.10,33.80,14.48,0.96,196.24,0.96,196.24,0.96,0.96,137.26,1.84,16.41,166.62,469.81,284.34,166.62,13.72,167.98
210.28,6.78,210.28,6.78,6.78,70.08,7.00,43.65,43.65,243.31,43.65,243.31,43.65,43.65,23.39,43.87,8.89,8.89,327.04,8.89,336.94,8.89,8.89,250.71,9.11,54.26,54.26,301.79,54.26,311.69,54.26,54.26,143.70,127.32,0.47,0.47,61.58,0.47,61.58,0.47,0.47,50.23,0.91,6.78,128.61,81.07,46.33,128.61,88.85,129.18
334.75,283.17,334.75,283.17,283.17,31.02,24.81,650.38,650.38,436.69,650.38,436.69,650.38,650.38,22.25,392.02,273.30,273.30,715.26,273.30,676.58,273.30,273.30,293.49,14.94,546.43,546.43,352.40,546.43,313.72,546.43,546.43,96.91,656.42,280.94,280.94,391.47,280.94,391.47,280.94,280.94,43.64,29.71,283.17,173.57,164.31,141.57,173.57,50.99,174.16
518.78,66.87,518.78,66.87,7.51,331.24,8.06,116.38,116.38,251.18,116.38,251.18,116.38,57.01,30.77,57.56,66.93,66.93,88.80,66.93,355.83,66.93,7.57,72.25,8.11,119.91,119.91,62.78,119.91,329.81,119.91,60.54,433.71,141.92,60.54,60.54,86.83,60.54,86.83,60.54,1.18,71.70,2.27,66.87,143.08,315.73,202.88,143.08,38.47,145.46
61.40,5.56,61.40,5.56,5.56,17.56,5.70,93.09,53.60,119.30,53.60,119.30,53.60,53.60,17.71,53.74,48.77,9.27,121.10,9.27,353.97,9.27,9.27,72.72,9.41,79.30,39.80,76.17,39.80,309.03,39.80,39.80,69.15,93.40,39.80,0.30,61.95,0.30,61.95,0.30,0.30,33.89,0.58,45.06,478.02,253.23,18.52,478.02,11.05,478.76
281.62,27.52,281.62,27.52,27.52,57.13,17.08,436.24,436.24,311.69,436.24,311.69,436.24,436.24,21.78,425.79,23.93,23.93,416.22,23.93,719.11,23.93,23.93,33.66,13.49,47.57,47.57,19.55,47.57,322.44,47.57,47.57,125.06,69.20,30.73,30.73,428.23,30.73,428.23,30.73,30.73,46.15,26.69,27.52,322.47,407.99,49.68,322.47,15.00,324.17
290.77,59.63,290.77,9.01,9.01,60.18,131.28,209.20,209.20,367.18,209.20,367.18,158.58,158.58,19.33,280.85,55.28,55.28,557.76,55.28,470.25,4.67,4.67,339.56,126.93,106.29,106.29,415.24,106.29,327.73,55.68,55.68,121.83,249.60,55.68,55.68,169.58,55.68,169.58,5.06,5.06,42.32,129.67,59.63,284.34,513.02,138.10,284.34,19.85,286.92
620.77,19.62,620.77,19.62,4.47,303.49,42.27,192.72,192.72,436.16,192.72,436.16,192.72,177.57,2.13,215.38,20.45,20.45,456.24,20.45,492.67,20.45,5.30,231.32,43.10,33.61,33.61,281.97,33.61,318.39,33.61,18.46,328.26,78.92,18.46,18.46,177.56,18.46,177.56,18.46,3.31,22.64,42.64,19.62,46.33,156.43,334.01,46.33,13.80,46.63
277.17,3.64,277.17,3.64,3.64,74.74,5.18,214.61,205.12,303.61,205.12,303.61,205.12,205.12,16.03,206.66,14.77,5.28,426.31,5.28,526.13,5.28,5.28,194.19,6.82,22.33,12.84,233.92,12.84,333.75,12.84,12.84,128.92,29.43,12.84,3.34,214.50,3.34,214.50,3.34,3.34,38.14,6.43,13.13,141.57,163.12,146.81,141.57,53.76,143.49
130.53,10.74,130.53,10.74,10.74,25.75,11.96,70.25,70.25,250.75,70.25,250.75,70.25,70.25,59.36,71.47,5.79,5.79,281.69,5.79,397.52,5.79,5.79,226.34,7.01,146.48,146.48,263.71,146.48,379.54,146.48,146.48,194.22,343.39,2.64,2.64,119.87,2.64,119.87,2.64,2.64,109.11,5.08,10.74,202.88,143.35,40.94,202.88,45.22,113.24
224.69,11.75,224.69,11.75,11.75,76.33,14.19,138.28,138.28,275.50,138.28,275.50,138.28,138.28,17.22,140.71,4.64,4.64,295.52,4.64,468.21,4.64,4.64,147.55,7.07,126.15,126.15,172.21,126.15,344.90,126.15,126.15,133.84,295.10,5.28,5.28,147.97,5.28,147.97,5.28,5.28,40.29,10.15,11.75,18.52,169.94,322.11,18.52,85.55,18.62
91.29,8.98,91.29,8.98,8.98,35.60,9.52,42.58,42.58,86.75,42.58,86.75,42.58,42.58,14.17,43.13,7.57,7.57,130.89,7.57,380.08,7.57,7.57,91.95,8.11,93.45,93.45,95.51,93.45,344.70,93.45,93.45,80.51,219.18,1.18,1.18,48.60,1.18,48.60,1.18,1.18,30.75,2.27,8.98,49.68,426.73,490.40,49.68,37.14,50.33
489.84,11.78,489.84,11.78,11.78,248.59,16.20,321.33,321.33,354.42,264.83,354.42,264.83,264.83,135.03,269.25,61.82,61.82,261.79,5.32,602.26,5.32,5.32,150.86,9.74,122.57,122.57,135.93,66.07,476.40,66.07,66.07,653.37,153.10,66.07,66.07,394.24,9.56,394.24,9.56,9.56,269.75,18.39,68.28,138.10,75.66,364.58,138.10,74.91,138.19
171.94,3.37,171.94,3.37,3.37,16.56,4.22,151.36,151.36,489.00,151.36,489.00,151.36,151.36,12.92,152.21,6.62,6.62,409.04,6.62,498.54,6.62,6.62,212.42,7.47,15.24,15.24,262.22,15.24,351.72,15.24,15.24,55.31,35.39,1.84,1.84,154.05,1.84,154.05,1.84,1.84,25.84,3.55,3.37,334.01,403.55,58.49,334.01,58.38,335.82
127.74,7.16,127.74,7.16,7.16,34.35,8.67,125.37,125.37,253.19,125.37,253.19,125.37,125.37,11.36,126.87,5.33,5.33,205.24,5.33,473.06,5.33,5.33,76.28,6.84,42.69,42.69,85.20,42.69,353.01,42.69,42.69,71.67,99.55,3.25,3.25,127.44,3.25,127.44,3.25,3.25,25.97,6.26,7.16,146.81,248.20,72.01,92.87,181.38,94.02
662.81,6.56,662.81,6.56,6.56,347.37,9.83,266.43,266.43,424.66,266.43,424.66,266.43,266.43,1.27,269.70,4.70,4.70,347.28,4.70,613.99,4.70,4.70,78.69,7.97,21.80,21.80,85.36,21.80,352.07,21.80,21.80,370.18,49.67,7.09,7.09,263.84,7.09,263.84,7.09,7.09,21.54,13.63,6.56,40.94,97.66,177.09,40.94,51.60,41.06
313.05,1.87,313.05,1.87,1.87,38.11,3.38,364.76,364.76,227.50,364.76,227.50,364.76,364.76,19.77,366.27,5.32,5.32,623.76,5.32,723.40,5.32,5.32,228.76,6.83,2.82,2.82,273.06,2.82,372.69,2.82,2.82,98.31,5.92,3.28,3.28,375.53,3.28,375.53,3.28,3.28,40.43,6.30,1.87,313.82,118.52,313.82,313.82,136.76,316.04
310.21,5.35,310.21,5.35,5.35,179.74,5.57,61.75,61.75,150.73,61.75,150.73,61.75,61.75,18.29,61.96,8.91,8.91,125.37,8.91,424.71,8.91,8.91,83.27,9.13,36.77,36.77,80.45,36.77,379.80,36.77,36.77,245.59,86.25,0.46,0.46,78.12,0.46,78.12,0.46,0.46,47.56,0.89,5.35,170.02,209.30,170.02,170.02,66.85,172.62
92.86,9.47,92.86,9.47,9.47,58.26,9.57,10.13,10.13,95.32,10.13,95.32,10.13,10.13,17.48,10.22,9.48,9.48,45.90,9.48,373.42,9.48,9.48,53.86,9.58,140.76,140.76,47.43,140.76,374.95,140.76,140.76,114.72,330.48,0.21,0.21,21.57,0.21,21.57,0.21,0.21,38.98,0.40,9.47,79.54,98.80,79.54,79.54,63.04,80.44
124.30,10.39,124.30,10.39,10.39,62.59,11.49,193.05,193.05,102.78,65.26,102.78,65.26,65.26,21.78,66.36,133.83,133.83,93.21,6.04,428.98,6.04,6.04,55.74,7.13,257.96,257.96,45.25,130.16,381.02,130.16,130.16,131.10,305.15,130.16,130.16,80.20,2.37,80.20,2.37,2.37,46.73,4.56,138.18,130.76,193.31,130.76,130.76,67.07,131.20
90.542,323.140,99.176,323.140,19.542,29.542,186.328,10.127,40.274,44.379,348.659,410.903,348.659,140.238,40.274,38.031,40.860,7.426,57.768,145.932,7.426,41.714,17.561,77.426,127.607,8.011,333.335,113.335,142.747,323.335,407.529,213.524,113.335,306.915,265.866,1.269,18.778,76.094,11.221,76.094,1.269,10.693,82.556,2.441,9.542,45.684,243.311,43.652,53.516,23.390
